trip_headsign_x,trip_headsign_y,delta,direction_id_x,route_short_name,shape_id_x,dist_x,direction_id_y,shape_id_y,dist_y
SOUTH - 5B AVENUE RD TOWARDS GERRARD,NORTH - 5 AVENUE RD TOWARDS EGLINTON STATION,340.37,0,5,602183,6687.941151,1,602184,6347.567975
SOUTH - 5A AVENUE RD TOWARDS QUEEN'S PARK ,NORTH - 5 AVENUE RD TOWARDS EGLINTON STATION,388.22,0,5,602182,5959.348484,1,602184,6347.567975
SOUTH - 6 BAY TOWARDS QUEENS QUAY AND SHERBOURNE,NORTH - 6B BAY TOWARDS BLOOR AND DAVENPORT/YONGE,10.98,0,6,602512,5068.326354,1,602516,5079.306107
SOUTH - 6 BAY TOWARDS QUEENS QUAY AND SHERBOURNE,NORTH - 6A BAY TOWARDS DUPONT,47.29,0,6,602511,5985.115898,1,602515,5937.824223
SOUTH - 7 BATHURST TOWARDS BATHURST STATION,NORTH - 7S BATHURST TOWARDS WILSON,68.19,0,7,602594,8241.121637,1,602599,8309.30687
SOUTH - 7 BATHURST TOWARDS BATHURST STATION,NORTH - 7 BATHURST TOWARDS STEELES,430.33,0,7,602593,14826.85697,1,602598,15257.18483
SOUTH - 7 BATHURST TOWARDS BATHURST STATION,NORTH - 7 BATHURST TOWARDS STEELES,5852.05,0,7,602596,1124.827248,1,602600,6976.874756
SOUTH - 7 BATHURST TOWARDS BATHURST STATION,NORTH - 7 BATHURST TOWARDS STEELES,5852.05,0,7,602595,1124.827248,1,602600,6976.874756
SOUTH - 7 BATHURST TOWARDS STEELES,NORTH - 7 BATHURST TOWARDS STEELES,6418.74,0,7,602597,558.139599,1,602600,6976.874756
NORTH - 8 BROADVIEW TOWARDS COXWELL,SOUTH - 8 BROADVIEW TOWARDS BROADVIEW STATION,561.65,0,8,602685,4712.780524,1,602686,4151.128881
SOUTH - 9 BELLAMY TOWARDS WARDEN STATION,NORTH - 9 BELLAMY TOWARDS SCARBOROUGH CENTRE,51.70,0,9,602802,13322.67292,1,602804,13374.3713
EAST - 10 VAN HORNE TOWARDS VICTORIA PARK ,WEST - 10 VAN HORNE TOWARDS DON MILLS STATION,1330.25,0,10,600774,4758.173065,1,600776,3427.919
EAST - 10 VAN HORNE TOWARDS VICTORIA PARK ,WEST - 10 VAN HORNE TOWARDS DON MILLS STATION,2068.18,0,10,600775,1359.736646,1,600776,3427.919
SOUTH - 11 BAYVIEW TOWARDS DAVISVILLE STATION VIA SUNNYBROOK ,NORTH - 11A BAYVIEW TOWARDS STEELES VIA SUNNYBROOK,286.01,0,11,600900,14473.98479,1,600906,14187.97538
SOUTH - 11 BAYVIEW TOWARDS DAVISVILLE STATION,NORTH - 11C BAYVIEW TOWARDS SUNNYBROOK ,317.91,0,11,600902,4778.682891,1,600909,4460.776443
EAST - 12C KINGSTON RD TOWARDS ST CLAIR AND BARKDENE HILLS,WEST - 12C KINGSTON RD TOWARDS VICTORIA PARK STATION,27.60,0,12,600981,8843.436389,1,600993,8815.837029
EAST - 12C KINGSTON RD TOWARDS ST CLAIR AND BARKDENE HILLS,WEST - 12C KINGSTON RD TOWARDS VICTORIA PARK STATION,32.11,0,12,600982,8234.916902,1,600992,8267.025717
EAST - 12C KINGSTON RD TOWARDS ST CLAIR AND BARKDENE HILLS,WEST - 12C KINGSTON RD TOWARDS ST CLAIR AND BARKDENE HILLS,149.70,0,12,600987,852.0232585,1,600994,1001.721556
EAST - 12A KINGSTON RD TOWARDS KENNEDY STATION VIA VARIETY VILLAGE AND BRIMLEY,WEST - 12A KINGSTON RD TOWARDS VICTORIA PARK STATION VIA BRIMLEY AND VARIETY VILLAGE,271.16,0,12,600978,11859.37237,1,600990,11588.21549
EAST - 12A KINGSTON RD TOWARDS KENNEDY STATION VIA VARIETY VILLAGE AND BRIMLEY,WEST - 12A KINGSTON RD TOWARDS VICTORIA PARK STATION VIA BRIMLEY AND VARIETY VILLAGE,271.16,0,12,600979,11859.37237,1,600990,11588.21549
EAST - 12S KINGSTON RD TOWARDS BINGHAM LOOP,WEST - 12C KINGSTON RD TOWARDS ST CLAIR AND BARKDENE HILLS,1040.96,0,12,600988,2042.678744,1,600994,1001.721556
EAST - 12A KINGSTON RD TOWARDS KENNEDY STATION VIA VARIETY VILLAGE AND BRIMLEY,WEST - 12A KINGSTON RD TOWARDS VICTORIA PARK STATION VIA BRIMLEY AND VARIETY VILLAGE,1356.02,0,12,600983,10232.19465,1,600990,11588.21549
EAST - 14 GLENCAIRN TOWARDS DAVISVILLE STATION,WEST - 14 GLENCAIRN TOWARDS CALEDONIA ,103.82,0,14,601076,6774.757722,1,601077,6878.577797
WEST - 15 EVANS TOWARDS SHERWAY,EAST - 15 EVANS TOWARDS ROYAL YORK STATION,263.52,0,15,601109,8520.546671,1,601110,8257.022716
SOUTH - 16 MCCOWAN TOWARDS WARDEN STATION,NORTH - 16 MCCOWAN TOWARDS SCARBOROUGH CENTRE,70.04,0,16,601113,9500.119749,1,601115,9430.078233
SOUTH - 16S MCCOWAN TOWARDS DANFORTH AVE,NORTH - 16 MCCOWAN TOWARDS SCARBOROUGH CENTRE,2379.68,0,16,601114,11809.75397,1,601115,9430.078233
SOUTH - 17 BIRCHMOUNT TOWARDS WARDEN STATION,NORTH - 17C BIRCHMOUNT TOWARDS STEELES AND WARDEN,162.35,0,17,601189,14279.44218,1,601193,14441.79253
SOUTH - 17 BIRCHMOUNT TOWARDS WARDEN STATION,NORTH - 17B BIRCHMOUNT TOWARDS STEELES VIA WINTERMUTE,166.66,0,17,601188,13754.63463,1,601192,13921.29669
SOUTH - 17 BIRCHMOUNT TOWARDS WARDEN STATION EXTRA FARE REQUIRED NORTH OF STEELES,NORTH - 17A BIRCHMOUNT TOWARDS HIGHWAY 7 EXTRA FARE REQUIRED NORTH OF STEELES,746.41,0,17,601187,17497.26027,1,601191,18243.66886
EAST - 20 CLIFFSIDE TOWARDS KENNEDY STATION,WEST - 20 CLIFFSIDE TOWARDS MAIN STREET STATION,55.33,0,20,601608,10134.36859,1,601609,10079.04297
SOUTH - 21B BRIMLEY TOWARDS SCARBOROUGH CENTRE STATION,NORTH - 21B BRIMLEY TOWARDS STEELES AVE E,39.01,0,21,601611,7199.07368,1,601614,7160.060761
SOUTH - 21A BRIMLEY TOWARDS KENNEDY STATION,NORTH - 21A BRIMLEY TOWARDS SCARBOROUGH CENTRE STATION,231.62,0,21,601610,6907.286673,1,601613,6675.665079
SOUTH - 21C BRIMLEY TOWARDS KENNEDY STATION VIA SCARBOROUGH CENTRE STATION,NORTH - 21C BRIMLEY TOWARDS STEELES AVE E VIA SCARBOROUGH CENTRE STATION,304.81,0,21,601612,13896.30249,1,601615,13591.48865
SOUTH - 22A COXWELL TOWARDS VICTORIA PARK AVE VIA KINGSTON RD,NORTH - 22 COXWELL TOWARDS COXWELL STATION,363.72,0,22,601618,5935.327906,1,601622,5571.612018
SOUTH - 22B COXWELL TOWARDS QUEEN ST E,NORTH - 22 COXWELL TOWARDS COXWELL STATION,1219.40,0,22,601620,3286.340996,1,601624,2066.940596
SOUTH - 23 DAWES TOWARDS MAIN STREET STATION,NORTH - 23 DAWES TOWARDS ST CLAIR,20.56,0,23,601632,3989.627455,1,601634,4010.191954
SOUTH - 23 DAWES SHORT TURN,NORTH - 23 DAWES TOWARDS ST CLAIR,344.39,0,23,601633,1029.897322,1,601635,1374.286674
SOUTH - 24E VICTORIA PARK TOWARDS VICTORIA PARK STATION,NORTH - 24A VICTORIA PARK TOWARDS STEELES,144.58,0,24,601643,14744.62472,1,601664,14889.19974
SOUTH - 24 VICTORIA PARK TOWARDS VICTORIA PARK STATION,NORTH - 24A VICTORIA PARK TOWARDS STEELES,144.58,0,24,601636,14744.62472,1,601664,14889.19974
SOUTH - 24 VICTORIA PARK TOWARDS DANFORTH,NORTH - 24A VICTORIA PARK TOWARDS STEELES,169.48,0,24,601646,14610.22466,1,601652,14440.74204
SOUTH - 24 VICTORIA PARK TOWARDS DANFORTH VIA VICTORIA PARK STATION,NORTH - 24A VICTORIA PARK TOWARDS STEELES,203.39,0,24,601640,15092.59164,1,601664,14889.19974
SOUTH - 24B VICTORIA PARK TOWARDS VICTORIA PARK STATION VIA CONSUMERS RD,NORTH - 24B VICTORIA PARK TOWARDS DON MILLS STATION VIA CONSUMERS RD,358.84,0,24,601637,13024.12241,1,601653,12665.28324
SOUTH - 25 DON MILLS TOWARDS PAPE STATION,NORTH - 25 DON MILLS TOWARDS STEELES,420.03,0,25,601669,16652.08039,1,601673,17072.11172
SOUTH - 25 DON MILLS TOWARDS PAPE STATION,NORTH - 25 DON MILLS TOWARDS STEELES,6695.32,0,25,601670,10376.78903,1,601673,17072.11172
EAST - 26 DUPONT TOWARDS ST GEORGE STATION,WEST - 26 DUPONT TOWARDS JANE STATION,257.92,0,26,601680,9727.951255,1,601681,9470.034806
EAST - 28 BAYVIEW SOUTH TOWARDS BRICK WORKS,WEST - 28 BAYVIEW SOUTH TOWARDS DAVISVILLE STATION,327.50,0,28,601682,4930.383201,1,601683,5257.879444
SOUTH - 29A DUFFERIN TOWARDS EXHIBITION  (DUFFERIN GATE),NORTH - 29B DUFFERIN TOWARDS TYCOS DR,135.14,0,29,601685,9017.764236,1,601695,8882.619746
SOUTH - 29C DUFFERIN TOWARDS EXHIBITION (PRINCES' GATES),NORTH - 29B DUFFERIN TOWARDS TYCOS DR,135.14,0,29,601693,9017.764236,1,601695,8882.619746
SOUTH - 29D DUFFERIN TOWARDS DUFFERIN STATION,NORTH - 29A DUFFERIN TOWARDS WILSON STATION,145.59,0,29,601690,9533.801176,1,601699,9388.215671
SOUTH - 29A DUFFERIN TOWARDS EXHIBITION  (DUFFERIN GATE),NORTH - 29A DUFFERIN TOWARDS WILSON STATION,247.00,0,29,601687,12313.12925,1,601694,12066.13102
SOUTH - 29A DUFFERIN TOWARDS EXHIBITION  (DUFFERIN GATE),NORTH - 29A DUFFERIN TOWARDS WILSON STATION,247.00,0,29,601684,12313.12925,1,601696,12066.13102
EAST - 30A LAMBTON TOWARDS HIGH PARK STATION,WEST - 30 LAMBTON TOWARDS KIPLING STATION,106.42,0,30,601742,9622.427214,1,601745,9728.848986
SOUTH - 31A GREENWOOD TOWARDS QUEEN,NORTH - 31 GREENWOOD TOWARDS GREENWOOD STATION,41.76,0,31,601819,2435.144381,1,601821,2476.905294
SOUTH - 31B GREENWOOD TOWARDS EASTERN,NORTH - 31 GREENWOOD TOWARDS GREENWOOD STATION,123.45,0,31,601820,3473.589184,1,601822,3350.136901
EAST - 32 EGLINTON WEST TOWARDS EGLINTON STATION ,WEST - 32C EGLINTON WEST TOWARDS JANE & LAWRENCE VIA TRETHEWEY ,166.59,0,32,601841,10479.53425,1,601854,10312.94866
EAST - 32 EGLINTON WEST TOWARDS EGLINTON STATION ,WEST - 32A EGLINTON WEST TOWARDS RENFORTH & SKYMARK ,173.66,0,32,601839,17770.34506,1,601852,17596.68599
EAST - 32 EGLINTON WEST TOWARDS EGLINTON STATION ,WEST - 32D EGLINTON WEST TOWARDS JANE & EMMETT,331.50,0,32,601847,6957.759265,1,601855,6626.263274
EAST - 32D EGLINTON WEST TOWARDS EGLINTON WEST STATION ,WEST - 32D EGLINTON WEST TOWARDS JANE & EMMETT,359.13,0,32,601842,6985.398015,1,601855,6626.263274
EAST - 32 EGLINTON WEST TOWARDS EGLINTON STATION,WEST - 32D EGLINTON WEST TOWARDS JANE & EMMETT,884.07,0,32,601846,1483.705356,1,601857,599.6369893
SOUTH - 33 FOREST HILL TOWARDS ST CLAIR WEST STATION,NORTH - 33 FOREST HILL TOWARDS EGLINTON (ROSELAWN),416.22,0,33,601910,3249.775541,1,601912,3665.997092
EAST - 34 EGLINTON EAST TOWARDS KENNEDY STATION,WEST - 34 EGLINTON EAST TOWARDS EGLINTON STATION,312.48,0,34,601944,12021.91091,1,601947,12334.39522
EAST - 34 EGLINTON EAST TOWARDS KENNEDY STATION,WEST - 34 EGLINTON EAST TOWARDS EGLINTON STATION,312.48,0,34,601945,12021.91091,1,601947,12334.39522
SOUTH - 35B JANE TOWARDS PIONEER VILLAGE AND STEELES,NORTH - 35B JANE TOWARDS PIONEER VILLAGE AND STEELES,22.48,0,35,601963,1232.357273,1,601986,1209.875461
SOUTH - 35 JANE TOWARDS JANE STATION EXTRA FARE REQUIRED NORTH OF STEELES,NORTH - 35S JANE SHORT TURN,84.53,0,35,601965,4282.080502,1,601977,4366.609789
SOUTH - 35 JANE TOWARDS JANE STATION,NORTH - 35B JANE TOWARDS PIONEER VILLAGE AND STEELES,153.39,0,35,601958,14954.75604,1,601969,15108.14947
SOUTH - 35A JANE TOWARDS JANE STATION,NORTH - 35A JANE TOWARDS STEELES VIA HULLMAR,209.32,0,35,601957,15717.01547,1,601968,15926.33645
SOUTH - 35 JANE TOWARDS JANE STATION,NORTH - 35B JANE TOWARDS PIONEER VILLAGE AND STEELES,685.60,0,35,601959,14422.54991,1,601970,15108.14947
SOUTH - 35 JANE TOWARDS JANE STATION EXTRA FARE REQUIRED NORTH OF STEELES,NORTH - 35D JANE TOWARDS LANGSTAFF RD EXTRA FARE REQUIRED NORTH OF STEELES ,2213.24,0,35,601960,18598.27328,1,601985,16385.03481
EAST - 36 FINCH WEST TOWARDS FINCH STATION,WEST - 36S FINCH WEST SHORT TURN TOWARDS WESTON RD,40.69,0,36,602019,11063.31925,1,602033,11022.6258
EAST - 36 FINCH WEST TOWARDS FINCH STATION,WEST - 36A FINCH WEST TOWARDS HUMBERWOOD,127.12,0,36,602013,19697.69939,1,602021,19570.58418
EAST - 36 FINCH WEST TOWARDS FINCH STATION,WEST - 36A FINCH WEST TOWARDS HUMBERWOOD,127.12,0,36,602012,19697.69939,1,602021,19570.58418
EAST - 36 FINCH WEST TOWARDS FINCH STATION,WEST - 36F FINCH WEST TOWARDS WESTON RD AND MILVAN VIA FENMAR,421.76,0,36,602017,14091.81252,1,602028,13670.05726
EAST - 36 FINCH WEST TOWARDS FINCH STATION,WEST - 36F FINCH WEST TOWARDS WESTON RD AND MILVAN VIA FENMAR,421.76,0,36,602015,14091.81252,1,602028,13670.05726
EAST - 36 FINCH WEST TOWARDS FINCH STATION,WEST - 36D FINCH WEST TOWARDS WESTON RD AND MILVAN,683.59,0,36,602020,2951.06742,1,602035,2267.480332
SOUTH - 37 ISLINGTON TOWARDS ISLINGTON STATION,NORTH - 37A ISLINGTON TOWARDS WOODBINE AND HUMBERWOOD VIA REXDALE BLVD,83.37,0,37,602044,16566.27906,1,602049,16482.90717
SOUTH - 37 ISLINGTON TOWARDS ISLINGTON STATION,NORTH - 37B ISLINGTON TOWARDS STEELES,105.89,0,37,602045,14480.12415,1,602050,14374.23823
WEST - 38 HIGHLAND CREEK TOWARDS SCARBOROUGH CENTRE,EAST - 38A HIGHLAND CREEK TOWARDS ROUGE HILL GO STATION,16.50,0,38,602054,12458.98383,1,602057,12475.47903
EAST - 39C FINCH EAST TOWARDS VICTORIA PARK AND GORDON BAKER,WEST - 39 FINCH EAST TOWARDS FINCH STATION,43.73,0,39,602074,766.6353375,1,602080,810.3629571
EAST - 39A FINCH EAST TOWARDS NEILSON,WEST - 39 FINCH EAST TOWARDS FINCH STATION,58.83,0,39,602067,16559.45486,1,602075,16500.62053
EAST - 39A FINCH EAST TOWARDS NEILSON,WEST - 39 FINCH EAST TOWARDS FINCH STATION,214.31,0,39,602072,1024.669312,1,602080,810.3629571
EAST - 39B FINCH EAST TOWARDS OLD FINCH AND MORNINGVIEW,WEST - 39 FINCH EAST TOWARDS FINCH STATION,351.99,0,39,602068,18547.06434,1,602076,18899.05902
EAST - 39C FINCH EAST TOWARDS VICTORIA PARK AND GORDON BAKER,WEST - 39 FINCH EAST TOWARDS FINCH STATION,913.94,0,39,602069,9392.6251,1,602077,10306.56487
EAST - 39S FINCH EAST SHORT TURN TOWARDS MARKHAM RD,WEST - 39 FINCH EAST TOWARDS FINCH STATION,1730.90,0,39,602073,14769.71942,1,602075,16500.62053
EAST - 40 JUNCTION TOWARDS DUNDAS WEST STATION,WEST - 40 JUNCTION TOWARDS RUNNYMEDE,124.75,0,40,602100,3179.757066,1,602101,3055.008938
SOUTH - 41E KEELE EXPRESS TOWARDS KEELE STATION,NORTH - 41E KEELE EXPRESS TOWARDS YORK UNIVERSITY,74.52,0,41,602105,15345.0312,1,602111,15419.54871
SOUTH - 41 KEELE TOWARDS KEELE STATION,NORTH - 41E KEELE EXPRESS TOWARDS YORK UNIVERSITY,583.89,0,41,602104,14835.6619,1,602111,15419.54871
SOUTH - 41 KEELE TOWARDS KEELE STATION,NORTH - 41E KEELE EXPRESS TOWARDS YORK UNIVERSITY,686.03,0,41,602103,16105.57989,1,602111,15419.54871
EAST - 42B CUMMER TOWARDS KENNEDY,WEST - 42 CUMMER TOWARDS FINCH STATION,157.21,0,42,602116,11605.01085,1,602120,11762.21808
EAST - 42 CUMMER TOWARDS VICTORIA PARK,WEST - 42 CUMMER TOWARDS FINCH STATION,256.24,0,42,602118,946.3825828,1,602124,1202.623112
EAST - 42C CUMMER TOWARDS VICTORIA PARK,WEST - 42 CUMMER TOWARDS FINCH STATION,270.54,0,42,602117,9039.459629,1,602122,9309.995022
EAST - 42A CUMMER TOWARDS MIDDLEFIELD ,WEST - 42 CUMMER TOWARDS FINCH STATION,1165.93,0,42,602115,16994.98953,1,602119,15829.05732
SOUTH - 43 KENNEDY TOWARDS KENNEDY STATION,NORTH - 43B KENNEDY TOWARDS SCARBOROUGH CENTRE,30.65,0,43,602127,7450.036745,1,602133,7419.382185
SOUTH - 43 KENNEDY TOWARDS KENNEDY STATION,NORTH - 43A KENNEDY TOWARDS STEELES,80.13,0,43,602125,12183.69124,1,602132,12263.82089
SOUTH - 43 KENNEDY TOWARDS KENNEDY STATION,NORTH - 43A KENNEDY TOWARDS STEELES,198.48,0,43,602130,1442.478021,1,602134,1640.958115
SOUTH - 44S KIPLING SOUTH TOWARDS EVANS,NORTH - 44 KIPLING SOUTH TOWARDS KIPLING STATION,205.66,0,44,602137,3221.829027,1,602140,3427.490031
SOUTH - 44 KIPLING SOUTH TOWARDS LAKE SHORE ,NORTH - 44 KIPLING SOUTH TOWARDS KIPLING STATION,316.87,0,44,602135,5831.18868,1,602138,6148.05604
SOUTH - 45 KIPLING TOWARDS KIPLING STATION,NORTH - 45B KIPLING TOWARDS CARLINGVIEW VIA BELFIELD ,154.15,0,45,602142,14752.57005,1,602149,14598.41811
SOUTH - 45E KIPLING EXPRESS TOWARDS KIPLING STATION,NORTH - 45B KIPLING TOWARDS CARLINGVIEW VIA BELFIELD ,154.15,0,45,602146,14752.57005,1,602150,14598.41811
SOUTH - 45 KIPLING TOWARDS KIPLING STATION,NORTH - 45B KIPLING TOWARDS CARLINGVIEW VIA BELFIELD ,154.15,0,45,602141,14752.57005,1,602149,14598.41811
SOUTH - 45 KIPLING TOWARDS KIPLING STATION,NORTH - 45B KIPLING TOWARDS CARLINGVIEW VIA BELFIELD ,2931.86,0,45,602144,11666.56093,1,602150,14598.41811
SOUTH - 46 MARTIN GROVE TOWARDS KIPLING STATION,NORTH - 46 MARTIN GROVE TOWARDS STEELES,712.12,0,46,602156,16210.90472,1,602159,16923.02843
SOUTH - 46 MARTIN GROVE TOWARDS KIPLING STATION,NORTH - 46 MARTIN GROVE TOWARDS STEELES,712.12,0,46,602155,16210.90472,1,602159,16923.02843
SOUTH - 47C LANSDOWNE TOWARDS QUEEN VIA ORFUS AND CALEDONIA,NORTH - 47B LANSDOWNE TOWARDS YORKDALE STATION VIA CALEDONIA AND BRIDGELAND ,449.59,0,47,602166,12749.75756,1,602168,12300.163
SOUTH - 47B LANSDOWNE TOWARDS QUEEN,NORTH - 47A LANSDOWNE TOWARDS ST CLAIR,1014.53,0,47,602162,5418.897352,1,602167,4404.367414
SOUTH - 47B LANSDOWNE TOWARDS QUEEN VIA BRIDGELAND AND CALEDONIA,NORTH - 47B LANSDOWNE TOWARDS YORKDALE STATION VIA CALEDONIA AND BRIDGELAND ,1163.44,0,47,602164,13463.59909,1,602168,12300.163
EAST - 48 RATHBURN TOWARDS ROYAL YORK STATION,WEST - 48 RATHBURN TOWARDS MILL RD,83.80,0,48,602170,8799.2308,1,602174,8883.034262
EAST - 49 BLOOR WEST TOWARDS KIPLING STATION,WEST - 49 BLOOR TOWARDS MARKLAND WOOD ,809.98,0,49,602178,5283.902902,1,602180,4473.91966
EAST - 49 BLOOR TOWARDS MARKLAND WOOD ,WEST - 49 BLOOR TOWARDS MARKLAND WOOD ,2931.34,0,49,602179,1542.576735,1,602180,4473.91966
EAST - 50 BURNHAMTHORPE TOWARDS ISLINGTON STATION,WEST - 50 BURNHAMTHORPE TOWARDS MILL ROAD,132.79,0,50,602186,5762.226205,1,602188,5895.017489
SOUTH - 51 LESLIE TOWARDS EGLINTON STATION,NORTH - 51 LESLIE TOWARDS STEELES,86.35,0,51,602327,17505.16407,1,602328,17591.51817
EAST - 52 LAWRENCE WEST TOWARDS LAWRENCE STATION,WEST - 52F LAWRENCE WEST TOWARDS ROYAL YORK,0.25,0,52,602395,11792.64986,1,602410,11792.39519
EAST - 52 LAWRENCE WEST TOWARDS LAWRENCE STATION,WEST - 52A LAWRENCE WEST TOWARDS PEARSON AIRPORT,34.51,0,52,602390,19651.59917,1,602412,19617.09273
EAST - 52 LAWRENCE WEST TOWARDS LAWRENCE STATION,WEST - 52B LAWRENCE WEST TOWARDS WESTWOOD EXTRA FARE REQUIRED WEST OF AIRPORT,98.35,0,52,602392,24032.86473,1,602408,23934.5175
EAST - 52 LAWRENCE WEST TOWARDS LAWRENCE STATION,WEST - 52F LAWRENCE WEST TOWARDS ROYAL YORK,106.77,0,52,602406,11685.62437,1,602410,11792.39519
EAST - 52 LAWRENCE WEST TOWARDS LAWRENCE STATION,WEST - 52A LAWRENCE WEST TOWARDS PEARSON AIRPORT,135.05,0,52,602391,19482.04594,1,602412,19617.09273
EAST - 52G LAWRENCE WEST TOWARDS LAWRENCE WEST STATION,WEST - 52F LAWRENCE WEST TOWARDS ROYAL YORK,251.46,0,52,602397,11540.93709,1,602410,11792.39519
EAST - 52 LAWRENCE WEST TOWARDS LAWRENCE STATION,WEST - 52F LAWRENCE WEST TOWARDS ROYAL YORK,1672.92,0,52,602404,10119.47887,1,602410,11792.39519
EAST - 52 LAWRENCE WEST TOWARDS LAWRENCE STATION,WEST - 52A LAWRENCE WEST TOWARDS PEARSON AIRPORT,2307.49,0,52,602403,15219.57332,1,602414,17527.06415
EAST - 53B STEELES EAST TOWARDS MARKHAM ,WEST - 53 STEELES EAST TOWARDS FINCH STATION,94.19,0,53,602428,17850.51994,1,602440,17756.33385
EAST - 53E STEELES EAST EXPRESS TOWARDS MARKHAM,WEST - 53 STEELES EAST TOWARDS FINCH STATION,94.19,0,53,602431,17850.51994,1,602440,17756.33385
EAST - 53E STEELES EAST EXPRESS TOWARDS MARKHAM,WEST - 53 STEELES EAST TOWARDS FINCH STATION ,171.98,0,53,602433,17419.62913,1,602438,17247.64864
EAST - 53B STEELES EAST TOWARDS MARKHAM ,WEST - 53 STEELES EAST TOWARDS FINCH STATION ,171.98,0,53,602430,17419.62913,1,602438,17247.64864
EAST - 53E STEELES EAST EXPRESS TOWARDS MARKHAM,WEST - 53E STEELES EAST EXPRESS TOWARDS FINCH STATION ,695.24,0,53,602432,16542.19102,1,602441,17237.4319
EAST - 53A STEELES EAST TOWARDS STAINES,WEST - 53 STEELES EAST TOWARDS FINCH STATION ,861.28,0,53,602427,21167.4765,1,602437,22028.76
EAST - 53F STEELES EAST EXPRESS TOWARDS STAINES RD,WEST - 53 STEELES EAST TOWARDS FINCH STATION ,871.50,0,53,602434,21157.25838,1,602437,22028.76
EAST - 53F STEELES EAST EXPRESS TOWARDS STAINES RD,WEST - 53 STEELES EAST TOWARDS FINCH STATION ,871.50,0,53,602435,21157.25838,1,602437,22028.76
EAST - 54E LAWRENCE EAST EXPRESS TOWARDS STARSPRAY,WEST - 54E LAWRENCE EAST EXPRESS TOWARDS LAWRENCE RT STATION,76.49,0,54,602454,13452.3543,1,602473,13528.84457
EAST - 54A LAWRENCE EAST TOWARDS STARSPRAY,WEST - 54 LAWRENCE EAST TOWARDS EGLINTON STATION,167.96,0,54,602448,27255.33269,1,602464,27423.29583
EAST - 54B LAWRENCE EAST TOWARDS ORTON PARK,WEST - 54 LAWRENCE EAST TOWARDS EGLINTON STATION,218.17,0,54,602450,20654.15183,1,602468,20872.32679
EAST - 54B LAWRENCE EAST TOWARDS ORTON PARK,WEST - 54 LAWRENCE EAST TOWARDS EGLINTON STATION,269.22,0,54,602449,20603.10586,1,602468,20872.32679
EAST - 54B LAWRENCE EAST TOWARDS ORTON PARK,WEST - 54 LAWRENCE EAST TOWARDS ORTON PARK,279.01,0,54,602462,2073.527744,1,602480,1794.518801
EAST - 54A LAWRENCE EAST TOWARDS STARSPRAY,WEST - 54 LAWRENCE EAST TOWARDS EGLINTON STATION,403.65,0,54,602455,26702.32144,1,602482,26298.66723
EAST - 54B LAWRENCE EAST TOWARDS ORTON PARK,WEST - 54 LAWRENCE EAST TOWARDS EGLINTON STATION,754.62,0,54,602451,20117.70711,1,602468,20872.32679
SOUTH - 55 WARREN PARK TOWARDS WARREN PARK,NORTH - 55 WARREN PARK TOWARDS JANE STATION,327.11,0,55,602487,1196.282639,1,602489,1523.38844
SOUTH - 55 WARREN PARK TOWARDS JANE STATION,NORTH - 55 WARREN PARK TOWARDS WARREN PARK,626.56,0,55,602486,4034.56474,1,602488,4661.126625
SOUTH - 56 LEASIDE TOWARDS DONLANDS STATION,NORTH - 56A LEASIDE TOWARDS EGLINTON STATION,53.12,0,56,602490,8029.76015,1,602492,7976.638687
SOUTH - 56 LEASIDE TOWARDS DONLANDS STATION,NORTH - 56B LEASIDE TOWARDS BRENTCLIFFE,83.95,0,56,602491,5166.306531,1,602493,5250.252813
SOUTH - 57 MIDLAND TOWARDS KENNEDY STATION,NORTH - 57 MIDLAND TOWARDS STEELES,447.10,0,57,602494,11839.85586,1,602498,12286.95763
EAST - 59 MAPLE LEAF TOWARDS LAWRENCE WEST STATION VIA CULFORD AND BENTON ,WEST - 59B MAPLE LEAF TOWARDS WESTON RD VIA CULFORD AND BENTON AND CHURCH,44.83,0,59,602503,10502.71407,1,602508,10547.54237
EAST - 59 MAPLE LEAF TOWARDS LAWRENCE WEST STATION VIA CULFORD AND BENTON ,WEST - 59B MAPLE LEAF TOWARDS WESTON RD VIA CULFORD AND BENTON AND CHURCH,83.33,0,59,602502,2785.128844,1,602510,2868.459443
EAST - 59 MAPLE LEAF TOWARDS LAWRENCE WEST STATION VIA CULFORD AND BENTON ,WEST - 59A MAPLE LEAF TOWARDS WESTON RD VIA BENTON AND CULFORD AND GARY DR,101.21,0,59,602504,2644.757401,1,602509,2543.544703
EAST - 59 MAPLE LEAF TOWARDS LAWRENCE WEST STATION VIA CULFORD AND BENTON ,WEST - 59B MAPLE LEAF TOWARDS WESTON RD VIA CULFORD AND BENTON AND CHURCH,175.71,0,59,602501,10723.25688,1,602508,10547.54237
EAST - 60 STEELES EAST TOWARDS FINCH STATION,WEST - 60B STEELES WEST TOWARDS MARTIN GROVE ,37.52,0,60,602519,18075.29141,1,602528,18112.80916
EAST - 60 STEELES EAST TOWARDS FINCH STATION,WEST - 60S STEELES WEST TOWARDS SIGNET AND WESTON RD,138.10,0,60,602525,12609.55271,1,602533,12747.65288
EAST - 60 STEELES EAST TOWARDS FINCH STATION,WEST - 60F STEELES WEST EXPRESS TOWARDS YORK UNIVERSITY,221.77,0,60,602524,11174.77196,1,602532,11396.5382
EAST - 60 STEELES EAST TOWARDS FINCH STATION,WEST - 60F STEELES WEST EXPRESS TOWARDS YORK UNIVERSITY,368.98,0,60,602520,11765.51492,1,602532,11396.5382
EAST - 60F STEELES EAST EXPRESS TOWARDS FINCH STATION,WEST - 60F STEELES WEST EXPRESS TOWARDS YORK UNIVERSITY,374.37,0,60,602523,11770.90939,1,602532,11396.5382
EAST - 60 STEELES EAST TOWARDS FINCH STATION,WEST - 60D STEELES WEST TOWARDS HIGHWAY 27 ,387.68,0,60,602521,19513.64987,1,602530,19901.32971
SOUTH - 61 AVENUE ROAD NORTH TOWARDS EGLINTON STATION,NORTH - 61 AVENUE ROAD NORTH TOWARDS HIGHWAY 401,486.93,0,61,602535,5921.442236,1,602536,5434.513417
EAST - 62 MORTIMER TOWARDS MAIN STREET STATION,WEST - 62 MORTIMER TOWARDS BROADVIEW STATION,550.86,0,62,602538,6603.039831,1,602541,6052.183013
EAST - 62 MORTIMER TOWARDS MAIN STREET STATION,WEST - 62 MORTIMER TOWARDS BROADVIEW STATION,3305.54,0,62,602539,2746.646376,1,602541,6052.183013
SOUTH - 63 OSSINGTON TOWARDS LIBERTY VILLAGE,NORTH - 63S OSSINGTON TOWARDS KING,392.15,0,63,602548,1132.99227,1,602553,740.8438735
SOUTH - 63 OSSINGTON TOWARDS LIBERTY VILLAGE,NORTH - 63B OSSINGTON TOWARDS ST CLAIR,559.64,0,63,602546,6742.178796,1,602552,6182.53786
SOUTH - 63 OSSINGTON TOWARDS LIBERTY VILLAGE,NORTH - 63A OSSINGTON TOWARDS EGLINTON WEST STATION,674.60,0,63,602543,9411.017337,1,602551,8736.415947
SOUTH - 63 OSSINGTON TOWARDS LIBERTY VILLAGE,NORTH - 63A OSSINGTON TOWARDS EGLINTON WEST STATION,791.06,0,63,602545,9527.474351,1,602551,8736.415947
SOUTH - 64 MAIN TOWARDS QUEEN,NORTH - 64S MAIN TOWARDS MAIN STREET STATION,554.09,0,64,602554,3155.366371,1,602560,2601.276764
SOUTH - 64S MAIN SHORT TURN TOWARDS MAIN STREET STATION,NORTH - 64 MAIN TOWARDS EASTDALE,661.62,0,64,602555,1108.7877,1,602558,447.1673574
SOUTH - 65 PARLIAMENT TOWARDS ESPLANADE,NORTH - 65 PARLIAMENT TOWARDS CASTLE FRANK STATION,726.00,0,65,602561,2875.039222,1,602562,3601.040284
SOUTH - 66A PRINCE EDWARD TOWARDS HUMBER LOOP,NORTH - 66 PRINCE EDWARD TOWARDS OLD MILL STATION,37.03,0,66,602563,4932.352655,1,602566,4969.386573
SOUTH - 66B PRINCE EDWARD TOWARDS LAKESHORE,NORTH - 66 PRINCE EDWARD TOWARDS OLD MILL STATION,1034.67,0,66,602564,6695.47406,1,602567,5660.80282
SOUTH - 67 PHARMACY TOWARDS VICTORIA PARK STATION,NORTH - 67 PHARMACY TOWARDS ELLESMERE,226.83,0,67,602569,8978.488758,1,602573,9205.318158
SOUTH - 67 PHARMACY TOWARDS VICTORIA PARK STATION,NORTH - 67B PHARMACY TOWARDS EGLINTON,532.73,0,67,602570,4562.676517,1,602572,5095.402663
SOUTH - 68 WARDEN TOWARDS WARDEN STATION,NORTH - 68A WARDEN TOWARDS STEELES,97.81,0,68,602574,12927.74946,1,602578,13025.56156
SOUTH - 68 WARDEN TOWARDS WARDEN STATION EXTRA FARE REQUIRED NORTH OF STEELES,NORTH - 68B WARDEN TOWARDS MAJOR MACKENZIE EXTRA FARE REQUIRED NORTH OF STEELES,462.94,0,68,602576,21728.26131,1,602579,22191.19776
SOUTH - 69B WARDEN SOUTH TOWARDS KINGSTON RD VIA BIRCHMOUNT,NORTH - 69S WARDEN SOUTH TOWARDS DANFORTH RD,0.00,0,69,602587,1618.843612,1,602591,1618.843612
SOUTH - 69B WARDEN SOUTH TOWARDS KINGSTON RD VIA BIRCHMOUNT,NORTH - 69 WARDEN SOUTH TOWARDS WARDEN STATION,146.74,0,69,602586,3542.361546,1,602589,3395.619513
SOUTH - 69A WARDEN SOUTH TOWARDS KINGSTON RD VIA WARDEN,NORTH - 69 WARDEN SOUTH TOWARDS WARDEN STATION,284.34,0,69,602585,3796.154465,1,602588,4080.496121
WEST - 70 O'CONNOR TOWARDS COXWELL STATION,EAST - 70C O'CONNOR TOWARDS WARDEN STATION,43.28,0,70,602606,6228.376798,1,602614,6185.095874
WEST - 70 O'CONNOR TOWARDS COXWELL STATION,EAST - 70C O'CONNOR TOWARDS WARDEN STATION,58.79,0,70,602602,6243.885063,1,602614,6185.095874
WEST - 70 O'CONNOR TOWARDS COXWELL STATION,EAST - 70B O'CONNOR TOWARDS EGLINTON SQUARE,84.77,0,70,602604,5715.091079,1,602613,5630.319912
SOUTH - 71 RUNNYMEDE TOWARDS RUNNYMEDE STATION,NORTH - 71A RUNNYMEDE TOWARDS ST CLAIR AND GUNNS,196.59,0,71,602615,3144.863339,1,602622,3341.45633
SOUTH - 71 RUNNYMEDE TOWARDS RUNNYMEDE STATION,NORTH - 71B RUNNYMEDE TOWARDS INDUSTRY ST,1309.26,0,71,602616,8098.300542,1,602621,6789.04108
SOUTH - 72A PAPE TOWARDS EASTERN,NORTH - 72 PAPE TOWARDS PAPE STATION,517.67,0,72,602624,3201.634819,1,602627,2683.960705
SOUTH - 72B PAPE TOWARDS UNION STN VIA COMMISSIONERS AND QUEENS QUAY,NORTH - 72 PAPE TOWARDS PAPE STATION VIA QUEENS QUAY AND COMMISSIONERS,650.96,0,72,602625,8389.230078,1,602628,9040.188204
SOUTH - 73 ROYAL YORK TOWARDS ROYAL YORK STATION,NORTH - 73B ROYAL YORK TOWARDS EGLINTON AND LA ROSE,18.66,0,73,602632,5630.189757,1,602639,5648.849848
SOUTH - 73 ROYAL YORK TOWARDS ROYAL YORK STATION,NORTH - 73C ROYAL YORK TOWARDS CLAIREPORT VIA ALBION RD,143.18,0,73,602634,17822.21057,1,602640,17679.02725
SOUTH - 73 ROYAL YORK TOWARDS ROYAL YORK STATION,NORTH - 73C ROYAL YORK TOWARDS CLAIREPORT VIA ALBION RD,156.01,0,73,602633,17249.88295,1,602641,17093.86797
SOUTH - 73 ROYAL YORK TOWARDS ROYAL YORK STATION,NORTH - 73A ROYAL YORK TOWARDS DIXON,193.23,0,73,602631,6374.547076,1,602638,6567.779274
SOUTH - 74 MOUNT PLEASANT TOWARDS ST CLAIR STATION,NORTH - 74 MOUNT PLEASANT TOWARDS EGLINTON,214.05,0,74,602642,3095.539318,1,602643,3309.584593
SOUTH - 75S SHERBOURNE TOWARDS QUEENS QUAY,NORTH - 75S SHERBOURNE TOWARDS SOUTH DRIVE,233.25,0,75,602650,772.5999612,1,602655,1005.852008
SOUTH - 75 SHERBOURNE TOWARDS QUEENS QUAY,NORTH - 75 SHERBOURNE TOWARDS SOUTH DRIVE,604.06,0,75,602644,4233.118508,1,602651,4837.174194
SOUTH - 75 SHERBOURNE TOWARDS QUEENS QUAY,NORTH - 75 SHERBOURNE TOWARDS SOUTH DRIVE,658.00,0,75,602645,5495.177292,1,602651,4837.174194
SOUTH - 75 SHERBOURNE TOWARDS QUEENS QUAY,NORTH - 75 SHERBOURNE TOWARDS SOUTH DRIVE,1359.13,0,75,602648,3478.039984,1,602651,4837.174194
SOUTH - 76A ROYAL YORK SOUTH TOWARDS LAKE SHORE,NORTH - 76 ROYAL YORK SOUTH TOWARDS ROYAL YORK STATION,47.69,0,76,602662,3286.542564,1,602672,3238.848569
SOUTH - 76B ROYAL YORK SOUTH TOWARDS QUEENSWAY AND GRAND AVENUE,NORTH - 76 ROYAL YORK SOUTH TOWARDS ROYAL YORK STATION,56.18,0,76,602659,3706.835172,1,602668,3650.653099
SOUTH - 76B ROYAL YORK SOUTH TOWARDS QUEENSWAY AND GRAND AVENUE,NORTH - 76 ROYAL YORK SOUTH TOWARDS ROYAL YORK STATION,157.17,0,76,602658,4789.245667,1,602667,4946.417996
SOUTH - 76B ROYAL YORK SOUTH TOWARDS QUEENSWAY AND GRAND AVENUE,NORTH - 76S ROYAL YORK SOUTH TOWARDS EVANS,486.64,0,76,602656,1258.870439,1,602673,1745.51541
SOUTH - 76B ROYAL YORK SOUTH TOWARDS QUEENSWAY AND GRAND AVENUE,NORTH - 76S ROYAL YORK SOUTH TOWARDS EVANS,664.04,0,76,602665,1081.47155,1,602673,1745.51541
SOUTH - 76A ROYAL YORK SOUTH TOWARDS LAKE SHORE,NORTH - 76 ROYAL YORK SOUTH TOWARDS ROYAL YORK STATION,1498.16,0,76,602657,6444.576072,1,602667,4946.417996
SOUTH - 77 SWANSEA TOWARDS QUEENSWAY,NORTH - 77 SWANSEA TOWARDS RUNNYMEDE STATION,1547.16,0,77,602675,3732.395119,1,602676,2185.238659
SOUTH - 77 SWANSEA TOWARDS QUEENSWAY,NORTH - 77 SWANSEA TOWARDS RUNNYMEDE STATION,1790.93,0,77,602674,3976.171597,1,602676,2185.238659
EAST - 78 ST ANDREWS TOWARDS BAYVIEW,WEST - 78 ST ANDREWS TOWARDS YORK MILLS STATION,484.26,0,78,602678,4705.795067,1,602679,5190.055847
SOUTH - 79A SCARLETT RD TOWARDS RUNNYMEDE STATION VIA FOXWELL/PRITCHARD,NORTH - 79B SCARLETT RD TOWARDS LAWRENCE & JANE VIA ST CLAIR,1012.40,0,79,602680,9186.949759,1,602684,10199.35013
SOUTH - 79B SCARLETT RD TOWARDS RUNNYMEDE STATION VIA ST CLAIR ,NORTH - 79B SCARLETT RD TOWARDS LAWRENCE & JANE VIA ST CLAIR,1196.85,0,79,602681,9002.495981,1,602684,10199.35013
SOUTH - 79 SCARLETT RD TOWARDS LAWRENCE & JANE,NORTH - 79B SCARLETT RD TOWARDS LAWRENCE & JANE VIA ST CLAIR,9604.92,0,79,602682,594.4301805,1,602684,10199.35013
EAST - 80A QUEENSWAY TOWARDS KEELE STATION VIA PARKSIDE DR,WEST - 80 QUEENSWAY TOWARDS SHERWAY,287.22,0,80,602687,12409.73191,1,602692,12696.94835
EAST - 80A QUEENSWAY TOWARDS KEELE STATION VIA PARKSIDE DRIVE,WEST - 80 QUEENSWAY TOWARDS SHERWAY,391.15,0,80,602691,8744.362041,1,602695,9135.516713
EAST - 80B QUEENSWAY TOWARDS HUMBER LOOP,WEST - 80 QUEENSWAY TOWARDS SHERWAY,525.30,0,80,602689,7719.407802,1,602694,8244.706499
SOUTH - 81 THORNCLIFFE PARK TOWARDS PAPE STATION,NORTH - 81 THORNCLIFFE PARK TOWARDS THORNCLIFFE,15.22,0,81,602696,4077.05329,1,602699,4092.273978
SOUTH - 81 THORNCLIFFE PARK TOWARDS PAPE STATION,NORTH - 81 THORNCLIFFE PARK TOWARDS THORNCLIFFE,33.63,0,81,602697,4304.330611,1,602700,4270.699693
SOUTH - 81 THORNCLIFFE PARK TOWARDS THORNCLIFFE,NORTH - 81 THORNCLIFFE PARK TOWARDS THORNCLIFFE,97.45,0,81,602698,1129.556895,1,602701,1227.00674
WEST - 82 ROSEDALE TOWARDS ROSEDALE STATION,EAST - 82 ROSEDALE TOWARDS SUMMERHILL,623.15,0,82,602702,2522.329991,1,602703,3145.481802
SOUTH - 83 JONES TOWARDS COMMISSIONERS,NORTH - 83 JONES TOWARDS DONLANDS STATION,414.66,0,83,602704,4259.704433,1,602705,3845.045233
EAST - 84 SHEPPARD WEST TOWARDS SHEPPARD-YONGE STATION,WEST - 84C SHEPPARD WEST TOWARDS STEELES VIA ARROW RD,173.95,0,84,602710,16798.17023,1,602719,16972.11582
EAST - 84 SHEPPARD WEST TOWARDS SHEPPARD-YONGE STATION,WEST - 84C SHEPPARD WEST TOWARDS STEELES VIA ARROW RD,242.92,0,84,602709,16729.19152,1,602719,16972.11582
EAST - 84S SHEPPARD WEST SHORT TURN TOWARDS SHEPPARD,WEST - 84B SHEPPARD WEST TOWARDS WESTON RD,257.12,0,84,602717,945.9254347,1,602723,1203.041638
EAST - 84 SHEPPARD WEST TOWARDS SHEPPARD-YONGE STATION,WEST - 84S SHEPPARD WEST SHORT TURN TOWARDS ARROW RD,468.25,0,84,602707,12908.87052,1,602721,12440.61907
EAST - 84S SHEPPARD WEST SHORT TURN TOWARDS SHEPPARD,WEST - 84B SHEPPARD WEST TOWARDS WESTON RD,496.33,0,84,602713,706.7113669,1,602723,1203.041638
EAST - 84 SHEPPARD WEST TOWARDS SHEPPARD-YONGE STATION,WEST - 84B SHEPPARD WEST TOWARDS WESTON RD,863.39,0,84,602708,14397.33071,1,602718,13533.94192
EAST - 84 SHEPPARD WEST TOWARDS SHEPPARD-YONGE STATION,WEST - 84S SHEPPARD WEST SHORT TURN TOWARDS ARROW RD,1161.20,0,84,602715,11279.41519,1,602721,12440.61907
EAST - 84S SHEPPARD WEST SHORT TURN TOWARDS SHEPPARD,WEST - 84A SHEPPARD WEST TOWARDS STEELES VIA ARROW RD,3011.89,0,84,602714,5706.843299,1,602722,2694.949639
EAST - 85A SHEPPARD EAST TOWARDS ROUGE HILL GO STATION,WEST - 85 SHEPPARD EAST TOWARDS SHEPPARD-YONGE STATION,114.10,0,85,602726,20396.48337,1,602750,20510.5835
EAST - 85 SHEPPARD EAST TOWARDS MEADOWVALE,WEST - 85A SHEPPARD EAST TOWARDS DON MILLS STATION,155.37,0,85,602729,15140.55444,1,602742,15295.92478
EAST - 85A SHEPPARD EAST TOWARDS DON MILLS STATION,WEST - 85 SHEPPARD EAST TOWARDS SHEPPARD-YONGE STATION,236.60,0,85,602737,6254.414856,1,602748,6017.810877
EAST - 85A SHEPPARD EAST TOWARDS ROUGE HILL GO STATION,WEST - 85A SHEPPARD EAST TOWARDS DON MILLS STATION,5245.26,0,85,602734,25778.03052,1,602739,20532.76644
EAST - 86C SCARBOROUGH TOWARDS SHEPPARD,WEST - 86E SCARBOROUGH EXPRESS TOWARDS KENNEDY STATION,76.41,0,86,602758,14002.6888,1,602764,14079.10258
EAST - 86B SCARBOROUGH TOWARDS HIGHLAND CREEK,WEST - 86 SCARBOROUGH TOWARDS KENNEDY STATION,111.00,0,86,602752,11236.6342,1,602763,11347.63508
EAST - 86D SCARBOROUGH TOWARDS BEECHGROVE VIA LAWRENCE,WEST - 86 SCARBOROUGH TOWARDS KENNEDY STATION,131.25,0,86,602754,11478.88935,1,602763,11347.63508
EAST - 86E SCARBOROUGH EXPRESS TOWARDS SHEPPARD,WEST - 86 SCARBOROUGH TOWARDS KENNEDY STATION,266.24,0,86,602755,14363.67463,1,602762,14097.43686
EAST - 86C SCARBOROUGH TOWARDS SHEPPARD,WEST - 86 SCARBOROUGH TOWARDS KENNEDY STATION,272.93,0,86,602753,14370.37048,1,602762,14097.43686
EAST - 86A SCARBOROUGH TOWARDS TORONTO ZOO,WEST - 86 SCARBOROUGH TOWARDS KENNEDY STATION,410.52,0,86,602751,16116.96777,1,602760,15706.44709
EAST - 86D SCARBOROUGH TOWARDS BEECHGROVE VIA LAWRENCE,WEST - 86 SCARBOROUGH TOWARDS KENNEDY STATION,8851.53,0,86,602759,2064.584274,1,602761,10916.11849
EAST - 87C COSBURN TOWARDS MAIN STREET STATION,WEST - 87A COSBURN TOWARDS BROADVIEW STATION VIA EAST YORK ACRES,96.48,0,87,602766,7365.188301,1,602773,7461.672129
EAST - 87A COSBURN TOWARDS MAIN STREET STATION VIA EAST YORK ACRES,WEST - 87A COSBURN TOWARDS BROADVIEW STATION VIA EAST YORK ACRES,122.46,0,87,602767,7584.133609,1,602773,7461.672129
EAST - 88B SOUTH LEASIDE TOWARDS THORNCLIFFE VIA WICKSTEED ,WEST - 88 SOUTH LEASIDE TOWARDS ST CLAIR STATION,0.20,0,88,602784,6592.207989,1,602790,6592.005668
EAST - 88A SOUTH LEASIDE TOWARDS THORNCLIFFE VIA OVERLEA,WEST - 88 SOUTH LEASIDE TOWARDS ST CLAIR STATION,50.49,0,88,602780,7345.629096,1,602792,7295.142024
EAST - 88 SOUTH LEASIDE TOWARDS ST CLAIR STATION,WEST - 88S SOUTH LEASIDE SHORT TURN         ,895.33,0,88,602788,1855.739754,1,602797,2751.071389
EAST - 88 SOUTH LEASIDE TOWARDS ST CLAIR STATION,WEST - 88S SOUTH LEASIDE SHORT TURN         ,1282.11,0,88,602789,4033.185108,1,602797,2751.071389
SOUTH - 89 WESTON TOWARDS KEELE STATION,NORTH - 89 WESTON TOWARDS ALBION RD,299.54,0,89,602799,10038.89612,1,602801,10338.44059
SOUTH - 90 VAUGHAN TOWARDS BATHURST STATION,NORTH - 90B VAUGHAN TOWARDS EGLINTON,173.66,0,90,602808,5280.891999,1,602812,5107.235364
SOUTH - 90 VAUGHAN TOWARDS BATHURST STATION,NORTH - 90A VAUGHAN TOWARDS OAKWOOD,379.31,0,90,602806,4216.601994,1,602810,4595.916187
SOUTH - 91D WOODBINE TOWARDS WOODBINE STATION VIA RAILSIDE,NORTH - 91D WOODBINE TOWARDS YORK MILLS VIA RAILSIDE,70.27,0,91,602817,13874.50709,1,602823,13804.23775
SOUTH - 91 WOODBINE TOWARDS WOODBINE STATION,NORTH - 91C WOODBINE TOWARDS YORK MILLS,93.16,0,91,602815,12751.6135,1,602822,12658.44878
SOUTH - 91 WOODBINE TOWARDS WOODBINE STATION,NORTH - 91C WOODBINE TOWARDS YORK MILLS,180.06,0,91,602816,11691.69508,1,602821,11511.63326
SOUTH - 91 WOODBINE TOWARDS WOODBINE STATION,NORTH - 91A WOODBINE TOWARDS PARKVIEW HILLS,264.86,0,91,602813,4012.932356,1,602819,3748.076099
SOUTH - 91 WOODBINE TOWARDS WOODBINE STATION,NORTH - 91B WOODBINE TOWARDS LAWRENCE,695.14,0,91,602814,7606.936314,1,602820,8302.078284
SOUTH - 92 WOODBINE SOUTH TOWARDS LAKESHORE,NORTH - 92 WOODBINE SOUTH TOWARDS WOODBINE STATION,168.13,0,92,602826,3098.293006,1,602827,2930.161419
EAST - 94 WELLESLEY TOWARDS CASTLE FRANK STATION,WEST - 94B WELLESLEY TOWARDS WELLESLEY STATION,0.00,0,94,602829,2196.015182,1,602831,2196.015182
EAST - 94 WELLESLEY TOWARDS CASTLE FRANK STATION,WEST - 94A WELLESLEY TOWARDS OSSINGTON STATION,107.34,0,94,602828,6381.258396,1,602830,6488.596139
EAST - 95A YORK MILLS TOWARDS KINGSTON RD,WEST - 95 YORK MILLS TOWARDS YORK MILLS STATION,17.81,0,95,602832,21556.57568,1,602840,21574.38183
EAST - 95C YORK MILLS TOWARDS ELLESMERE STATION,WEST - 95C YORK MILLS TOWARDS YORK MILLS STATION,77.99,0,95,602834,11233.3966,1,602842,11311.38311
EAST - 95E YORK MILLS EXPRESS TOWARDS U OF T SCARBOROUGH,WEST - 95E YORK MILLS EXPRESS TOWARDS YORK MILLS STATION,170.14,0,95,602835,18982.29469,1,602843,19152.43494
EAST - 95B YORK MILLS TOWARDS U OF T SCARBOROUGH,WEST - 95 YORK MILLS TOWARDS YORK MILLS STATION,170.14,0,95,602833,18982.29469,1,602841,19152.43494
EAST - 96 WILSON TOWARDS YORK MILLS STATION,WEST - 96B WILSON TOWARDS HUMBERLINE & ALBION,51.65,0,96,602856,23267.78515,1,602865,23319.43147
EAST - 96A WILSON TOWARDS YORK MILLS STATION VIA JOHN GARLAND AND KIPLING ,WEST - 96A WILSON TOWARDS CARRIER DR VIA KIPLING AND JOHN GARLAND,133.05,0,96,602852,22542.70775,1,602864,22675.75669
EAST - 96A WILSON TOWARDS YORK MILLS STATION VIA JOHN GARLAND AND KIPLING ,WEST - 96A WILSON TOWARDS CARRIER DR VIA KIPLING AND JOHN GARLAND,220.03,0,96,602850,22895.78294,1,602864,22675.75669
EAST - 96 WILSON TOWARDS YORK MILLS STATION,WEST - 96B WILSON TOWARDS HUMBERLINE & ALBION,265.57,0,96,602855,23585.00035,1,602865,23319.43147
EAST - 96 WILSON TOWARDS YORK MILLS STATION,WEST - 96A WILSON TOWARDS CARRIER DR VIA KIPLING AND JOHN GARLAND,1439.44,0,96,602849,21236.31969,1,602864,22675.75669
SOUTH - 97 YONGE TOWARDS DAVISVILLE STATION,NORTH - 97A YONGE TOWARDS YORK MILLS STATION VIA YONGE BLVD,1.17,0,97,602873,6534.228464,1,602885,6533.056477
SOUTH - 97C YONGE TOWARDS LAWRENCE STATION ,NORTH - 97C YONGE TOWARDS STEELES,7.88,0,97,602877,9062.279201,1,602889,9070.155153
SOUTH - 97B YONGE TOWARDS QUEENS QUAY,NORTH - 97B YONGE TOWARDS YORK MILLS STATION,534.37,0,97,602884,12578.7433,1,602895,12044.3683
SOUTH - 97B YONGE TOWARDS QUEENS QUAY,NORTH - 97B YONGE TOWARDS YORK MILLS STATION,540.00,0,97,602882,12584.36978,1,602895,12044.3683
EAST - 98A WILLOWDALE-SENLAC TOWARDS SHEPPARD-YONGE STATION VIA SENLAC,WEST - 98B WILLOWDALE-SENLAC TOWARDS SHEPPARD-YONGE STATION VIA WILLOWDALE,35.22,0,98,602896,5612.67348,1,602901,5647.890308
EAST - 98B WILLOWDALE-SENLAC TOWARDS STEELES VIA WILLOWDALE,WEST - 98B WILLOWDALE-SENLAC TOWARDS SHEPPARD-YONGE STATION VIA WILLOWDALE,39.19,0,98,602897,5687.078653,1,602901,5647.890308
EAST - 98S WILLOWDALE-SENLAC SHORT TURN,WEST - 98S WILLOWDALE-SENLAC SHORT TURN,248.25,0,98,602899,835.4366788,1,602903,587.1883571
EAST - 98C WILLOWDALE-SENLAC TOWARDS STEELES VIA SHEPPARD-YONGE STATION,WEST - 98C WILLOWDALE-SENLAC TOWARDS PECKHAM VIA SHEPPARD-YONGE STATION,267.66,0,98,602898,11226.57435,1,602902,10958.9131
SOUTH - 99 ARROW RD TOWARDS ARROW RD,NORTH - 99 ARROW RD TOWARDS JANE,1410.38,0,99,602904,3467.805395,1,602905,4878.189152
SOUTH - 100A FLEMINGDON PARK TOWARDS BROADVIEW STATION,NORTH - 100C FLEMINGDON PARK TOWARDS EGLINTON STATION,400.37,0,100,600779,15765.83482,1,600783,16166.20479
SOUTH - 100A FLEMINGDON PARK TOWARDS BROADVIEW STATION,NORTH - 100B FLEMINGDON PARK TOWARDS DON MILLS & WYNFORD VIA LINKWOOD,577.61,0,100,600777,10259.53182,1,600782,10837.14038
SOUTH - 100B FLEMINGDON PARK TOWARDS BROADVIEW STATION VIA LINKWOOD ,NORTH - 100B FLEMINGDON PARK TOWARDS DON MILLS & WYNFORD VIA LINKWOOD,636.40,0,100,600778,10200.74164,1,600782,10837.14038
SOUTH - 100A FLEMINGDON PARK TOWARDS BROADVIEW STATION,NORTH - 100B FLEMINGDON PARK TOWARDS DON MILLS & WYNFORD VIA LINKWOOD,3776.77,0,100,600780,7060.371872,1,600782,10837.14038
EAST - 101 DOWNSVIEW PARK TOWARDS DOWNSVIEW STATION,WEST - 101 DOWNSVIEW PARK TOWARDS DOWNSVIEW PARK,404.58,0,101,600784,3963.765757,1,600785,4368.347303
SOUTH - 102 MARKHAM RD TOWARDS WARDEN STATION,NORTH - 102A MARKHAM RD TOWARDS PROGRESS / CENTENNIAL COLLEGE,96.31,0,102,600786,12121.01952,1,600794,12024.71044
SOUTH - 102C MARKHAM RD TOWARDS WARDEN STATION VIA DYNAMIC DR,NORTH - 102B MARKHAM RD TOWARDS STEELES,793.23,0,102,600788,17850.29998,1,600795,18643.52767
SOUTH - 102 MARKHAM RD TOWARDS WARDEN STATION,NORTH - 102B MARKHAM RD TOWARDS STEELES,1322.75,0,102,600787,17320.77705,1,600795,18643.52767
SOUTH - 102 MARKHAM RD TOWARDS WARDEN STATION - EXTRA FARE REQUIRED NORTH OF STEELES,NORTH - 102D MARKHAM RD TOWARDS MAJOR MACKENZIE - EXTRA FARE REQUIRED NORTH OF STEELES,1577.83,0,102,600790,26126.3273,1,600798,27704.16105
SOUTH - 103 MOUNT PLEASANT NORTH TOWARDS EGLINTON STATION,NORTH - 103 MOUNT PLEASANT NORTH TOWARDS DONCLIFFE,73.23,0,103,600806,4252.879823,1,600808,4326.111904
SOUTH - 103 MOUNT PLEASANT NORTH TOWARDS EGLINTON STATION,NORTH - 103 MOUNT PLEASANT NORTH TOWARDS DONCLIFFE,1158.90,0,103,600807,3167.210279,1,600808,4326.111904
SOUTH - 104 FAYWOOD TOWARDS WILSON STATION,NORTH - 104 FAYWOOD TOWARDS DOWNSVIEW STATION,399.31,0,104,600809,8207.986006,1,600810,8607.300069
SOUTH - 105 DUFFERIN NORTH TOWARDS DOWNSVIEW STATION,NORTH - 105C DUFFERIN NORTH TOWARDS STEELES,353.92,0,105,600814,4990.451662,1,600820,5344.371193
SOUTH - 105 DUFFERIN NORTH TOWARDS DOWNSVIEW STATION - EXTRA FARE REQUIRED NORTH OF STEELES,NORTH - 105A DUFFERIN NORTH TOWARDS RUTHERFORD - EXTRA FARE REQUIRED NORTH OF STEELES,607.77,0,105,600813,13123.94398,1,600818,12516.17132
SOUTH - 105D DUFFERIN NORTH TOWARDS WILSON STATION - EXTRA FARE REQUIRED NORTH OF STEELES,NORTH - 105A DUFFERIN NORTH TOWARDS RUTHERFORD - EXTRA FARE REQUIRED NORTH OF STEELES,1081.44,0,105,600815,13597.60781,1,600818,12516.17132
SOUTH - 105 DUFFERIN NORTH TOWARDS DOWNSVIEW STATION - EXTRA FARE REQUIRED NORTH OF STEELES ,NORTH - 105A DUFFERIN NORTH TOWARDS RUTHERFORD - EXTRA FARE REQUIRED NORTH OF STEELES,1593.83,0,105,600812,10922.34272,1,600818,12516.17132
EAST - 106A YORK UNIVERSITY TOWARDS DOWNSVIEW STATION AND WILSON AVE,WEST - 106 YORK UNIVERSITY TOWARDS YORK UNIVERSITY,417.19,0,106,600829,11679.55616,1,600832,11262.36386
EAST - 106 YORK UNIVERSITY TOWARDS DOWNSVIEW STATION,WEST - 106 YORK UNIVERSITY TOWARDS YORK UNIVERSITY,2679.35,0,106,600830,8583.012396,1,600833,11262.36386
EAST - 106 YORK UNIVERSITY TOWARDS DOWNSVIEW STATION,WEST - 106 YORK UNIVERSITY TOWARDS YORK UNIVERSITY,2679.35,0,106,600827,8583.012396,1,600833,11262.36386
SOUTH - 107C KEELE NORTH TOWARDS DOWNSVIEW STATION - EXTRA FARE NORTH OF STEELES,NORTH - 107B KEELE NORTH TOWARDS RUTHERFORD GO STATION VIA CHESSWOOD - EXTRA FARE NORTH OF STEELES,89.74,0,107,600851,16274.44862,1,600857,16364.19234
SOUTH - 107A KEELE NORTH TOWARDS WILSON STATION - EXTRA FARE NORTH OF STEELES,NORTH - 107C KEELE NORTH TOWARDS TESTON RD - EXTRA FARE NORTH OF STEELES,155.08,0,107,600836,20896.99037,1,600874,20741.90592
SOUTH - 107C KEELE NORTH TOWARDS DOWNSVIEW STATION VIA YORK UNIVERSITY - EXTRA FARE NORTH OF STEELES,NORTH - 107B KEELE NORTH TOWARDS RUTHERFORD GO STATION VIA CHESSWOOD - EXTRA FARE NORTH OF STEELES,156.58,0,107,600843,20184.34747,1,600853,20027.76288
SOUTH - 107B KEELE NORTH TOWARDS DOWNSVIEW STATION VIA CHESSWOOD - EXTRA FARE NORTH OF STEELES,NORTH - 107B KEELE NORTH TOWARDS RUTHERFORD GO STATION VIA CHESSWOOD - EXTRA FARE NORTH OF STEELES,308.82,0,107,600837,16055.37238,1,600854,16364.19234
SOUTH - 107C KEELE NORTH TOWARDS DOWNSVIEW STATION - EXTRA FARE NORTH OF STEELES,NORTH - 107C KEELE NORTH TOWARDS TESTON RD - EXTRA FARE NORTH OF STEELES ,364.56,0,107,600852,18368.37712,1,600858,18732.93372
SOUTH - 107B KEELE NORTH TOWARDS DOWNSVIEW STATION VIA CHESSWOOD - EXTRA FARE NORTH OF STEELES,NORTH - 107C KEELE NORTH TOWARDS TESTON RD - EXTRA FARE NORTH OF STEELES ,583.63,0,107,600840,18149.30088,1,600858,18732.93372
SOUTH - 107B KEELE NORTH TOWARDS DOWNSVIEW STATION VIA YORK UNIVERSITY AND CHESSWOOD - EXTRA FARE NORTH OF STEELES,NORTH - 107C KEELE NORTH TOWARDS TESTON RD - EXTRA FARE NORTH OF STEELES ,583.63,0,107,600839,18149.30088,1,600858,18732.93372
SOUTH - 107C KEELE NORTH TOWARDS DOWNSVIEW STATION - EXTRA FARE NORTH OF STEELES,NORTH - 107C KEELE NORTH TOWARDS TESTON RD - EXTRA FARE NORTH OF STEELES ,673.23,0,107,600841,18059.70333,1,600863,18732.93372
EAST - 108A DOWNSVIEW TOWARDS DOWNSVIEW STATION VIA GRANDRAVINE,WEST - 108B DOWNSVIEW TOWARDS JANE & DRIFTWOOD,266.82,0,108,600878,8525.245795,1,600884,8258.426691
EAST - 108C DOWNSVIEW TOWARDS WILSON STATION ,WEST - 108C DOWNSVIEW TOWARDS JANE & DRIFTWOOD,765.93,0,108,600880,11753.25456,1,600885,10987.32715
EAST - 108B DOWNSVIEW TOWARDS DOWNSVIEW STATION,WEST - 108B DOWNSVIEW TOWARDS JANE & DRIFTWOOD,930.66,0,108,600879,9189.08267,1,600884,8258.426691
EAST - 108S DOWNSVIEW SHORT TURN,WEST - 108C DOWNSVIEW TOWARDS JANE & DRIFTWOOD,1397.22,0,108,600882,2073.103582,1,600888,675.8858205
SOUTH - 109B RANEE TOWARDS EGLINTON WEST STATION  VIA FLEMINGTON AND MARLEE ,NORTH - 109B RANEE TOWARDS NEPTUNE VIA MARLEE AND FLEMINGTON,5.61,0,109,600890,7603.773336,1,600897,7598.160486
SOUTH - 109C RANEE TOWARDS EGLINTON WEST STATION  VIA VARNA AND MARLEE,NORTH - 109C RANEE TOWARDS NEPTUNE VIA MARLEE AND VARNA,50.17,0,109,600891,6647.670106,1,600898,6597.497604
SOUTH - 109S RANEE SHORT TURN TOWARDS LAWRENCE WEST STATION ,NORTH - 109B RANEE TOWARDS NEPTUNE VIA MARLEE AND FLEMINGTON,82.32,0,109,600889,4925.722081,1,600895,4843.399396
SOUTH - 109S RANEE SHORT TURN TOWARDS LAWRENCE WEST STATION,NORTH - 109S RANEE SHORT TURN,342.63,0,109,600894,2463.500478,1,600899,2120.869628
SOUTH - 109C RANEE TOWARDS EGLINTON WEST STATION  VIA VARNA AND MARLEE    ,NORTH - 109S RANEE SHORT TURN,698.25,0,109,600892,2819.123167,1,600899,2120.869628
SOUTH - 110C ISLINGTON SOUTH TOWARDS LAKE SHORE,NORTH - 110C ISLINGTON SOUTH TOWARDS ISLINGTON STATION,79.84,0,110,600913,6519.234353,1,600917,6439.395755
SOUTH - 110C ISLINGTON SOUTH TOWARDS LAKE SHORE,NORTH - 110C ISLINGTON SOUTH TOWARDS ISLINGTON STATION,166.56,0,110,600912,5305.521531,1,600918,5138.962672
SOUTH - 110B ISLINGTON SOUTH TOWARDS LONG BRANCH VIA HORNER AND 30TH STREET,NORTH - 110B ISLINGTON SOUTH TOWARDS ISLINGTON STATION VIA 30TH STREET AND HORNER ,183.66,0,110,600911,8957.190992,1,600916,9140.851462
SOUTH - 110A ISLINGTON SOUTH TOWARDS LONG BRANCH VIA HORNER AND BROWNS LINE,NORTH - 110B ISLINGTON SOUTH TOWARDS ISLINGTON STATION VIA 30TH STREET AND HORNER ,201.54,0,110,600910,8939.3105,1,600916,9140.851462
SOUTH - 110C ISLINGTON SOUTH TOWARDS LAKE SHORE,NORTH - 110C ISLINGTON SOUTH TOWARDS ISLINGTON STATION,3007.74,0,110,600914,2131.221279,1,600918,5138.962672
SOUTH - 111 EAST MALL TOWARDS KIPLING STATION,NORTH - 111 EAST MALL TOWARDS EGLINTON,1188.50,0,111,600919,8641.707338,1,600921,9830.211595
SOUTH - 112 WEST MALL TOWARDS KIPLING STATION,NORTH - 112C WEST MALL TOWARDS DISCO RD,20.60,0,112,600925,11421.33832,1,600935,11441.93546
SOUTH - 112 WEST MALL TOWARDS KIPLING STATION,NORTH - 112C WEST MALL TOWARDS DISCO RD,234.35,0,112,600926,19017.44569,1,600934,19251.79198
SOUTH - 112 WEST MALL TOWARDS KIPLING STATION,NORTH - 112C WEST MALL TOWARDS DISCO RD ,329.92,0,112,600924,10062.28189,1,600936,9732.357173
EAST - 113 DANFORTH ROAD TOWARDS KENNEDY STATION,WEST - 113 DANFORTH ROAD TOWARDS MAIN STREET STATION,151.49,0,113,600937,7696.061994,1,600938,7847.549837
EAST - 115 SILVER HILLS TOWARDS LESLIE,WEST - 115 SILVER HILLS TOWARDS YORK MILLS STATION ,982.38,0,115,600939,6050.703268,1,600940,7033.080254
EAST - 116C MORNINGSIDE TOWARDS FINCH,WEST - 116 MORNINGSIDE TOWARDS KENNEDY STATION ,395.37,0,116,600948,18325.62144,1,600955,17930.25618
EAST - 116C MORNINGSIDE TOWARDS FINCH,WEST - 116 MORNINGSIDE TOWARDS KENNEDY STATION ,737.77,0,116,600944,18668.02687,1,600955,17930.25618
EAST - 116A MORNINGSIDE TOWARDS CONLINS RD VIA ELLESMERE,WEST - 116 MORNINGSIDE TOWARDS KENNEDY STATION ,908.67,0,116,600942,14992.80134,1,600953,14084.13477
EAST - 116A MORNINGSIDE TOWARDS CONLINS RD VIA ELLESMERE,WEST - 116 MORNINGSIDE TOWARDS KENNEDY STATION ,12025.27,0,116,600946,2058.863694,1,600953,14084.13477
EAST - 116C MORNINGSIDE TOWARDS FINCH,WEST - 116 MORNINGSIDE TOWARDS KENNEDY STATION ,12704.20,0,116,600950,1379.934864,1,600953,14084.13477
SOUTH - 117 ALNESS TOWARDS DOWNSVIEW STATION ,NORTH - 117 ALNESS TOWARDS STEELES VIA DUFFERIN,59.93,0,117,600961,5708.286441,1,600967,5768.220601
SOUTH - 117C ALNESS TOWARDS DOWNVIEW STATION AND WILSON AVE,NORTH - 117B ALNESS TOWARDS STEELES VIA FLINT RD AND ALNESS,110.08,0,117,600964,9309.625535,1,600968,9419.702274
SOUTH - 117 ALNESS TOWARDS DOWNVIEW STATION ,NORTH - 117B ALNESS TOWARDS STEELES VIA FLINT RD AND ALNESS,151.30,0,117,600963,6219.394932,1,600966,6370.695799
SOUTH - 117 ALNESS TOWARDS WILSON ,NORTH - 117B ALNESS TOWARDS STEELES VIA FLINT RD AND ALNESS,609.49,0,117,600962,8302.602961,1,600969,8912.093183
EAST - 118 THISTLE DOWN TOWARDS WILSON STATION VIA TANDRIDGE,WEST - 118 THISTLE DOWN TOWARDS THISTLE DOWN,789.40,0,118,600970,12070.12523,1,600972,12859.52515
EAST - 118 THISTLE DOWN TOWARDS WILSON STATION,WEST - 118 THISTLE DOWN TOWARDS THISTLE DOWN,2187.85,0,118,600971,10671.67066,1,600972,12859.52515
EAST - 119 TORBARRIE TOWARDS WILSON STN,WEST - 119 TORBARRIE TOWARDS TORBARRIE AND CLAYSON,39.16,0,119,600974,8995.748103,1,600977,9034.910417
EAST - 119 TORBARRIE TOWARDS WILSON STN,WEST - 119 TORBARRIE TOWARDS TORBARRIE AND CLAYSON,89.90,0,119,600975,9227.324384,1,600976,9137.425114
EAST - 120 CALVINGTON TOWARDS WILSON STATION VIA DE HAVILLAND,WEST - 120 CALVINGTON TOWARDS SHEPPARD/JANE VIA DE HAVILLAND,604.97,0,120,600997,10943.12059,1,601000,10338.15283
EAST - 120 CALVINGTON TOWARDS WILSON STATION VIA DE HAVILLAND,WEST - 120 CALVINGTON TOWARDS SHEPPARD/JANE VIA DE HAVILLAND,693.85,0,120,600998,9644.306363,1,601000,10338.15283
EAST - 120S CALVINGTON SHORT TURN,WEST - 120 CALVINGTON TOWARDS SHEPPARD/JANE VIA DE HAVILLAND,8940.17,0,120,600999,1397.98216,1,601000,10338.15283
EAST - 121C FORT YORK-ESPLANADE TOWARDS CHERRY BEACH VIA UNION STN AND DISTILLERY,WEST - 121A FORT YORK-ESPLANADE TOWARDS FORT YORK VIA DISTILLERY AND UNION STN,67.99,0,121,606109,7399.986728,1,606110,7331.999282
EAST - 122 GRAYDON HALL TOWARDS ROYWOOD VIA LESMILL,WEST - 122 GRAYDON HALL TOWARDS YORK MILLS STATION ,16.91,0,122,601005,10285.03538,1,601008,10268.12651
EAST - 122 GRAYDON HALL TOWARDS ROYWOOD VIA LESMILL,WEST - 122 GRAYDON HALL TOWARDS YORK MILLS STATION ,18.90,0,122,601004,8647.933498,1,601007,8666.833248
EAST - 122 GRAYDON HALL TOWARDS YORK MILLS STATION ,WEST - 122 GRAYDON HALL TOWARDS YORK MILLS STATION ,6969.22,0,122,601006,676.9123336,1,601009,7646.137204
SOUTH - 123 SHORNCLIFFE TOWARDS LONG BRANCH,NORTH - 123 SHORNCLIFFE TOWARDS KIPLING STATION VIA EAST MALL ,425.51,0,123,601015,3167.208572,1,601020,3592.717279
SOUTH - 123B SHORNCLIFFE TOWARDS LONG BRANCH VIA EAST MALL AND SHERWAY,NORTH - 123B SHORNCLIFFE TOWARDS KIPLING STATION VIA SHERWAY AND EAST MALL,461.17,0,123,601011,9244.318919,1,601017,9705.491134
SOUTH - 123D SHORNCLIFFE TOWARDS SHERWAY VIA EAST MALL,NORTH - 123D SHORNCLIFFE TOWARDS KIPLING STATION VIA EAST MALL,670.86,0,123,601013,6137.175918,1,601019,5466.318171
SOUTH - 123C SHORNCLIFFE TOWARDS LONG BRANCH VIA NORTH QUEEN AND SHERWAY,NORTH - 123B SHORNCLIFFE TOWARDS KIPLING STATION VIA SHERWAY AND EAST MALL,801.37,0,123,601012,8904.116558,1,601017,9705.491134
EAST - 124 SUNNYBROOK TOWARDS SUNNYBROOK HOSPITAL ,WEST - 124 SUNNYBROOK TOWARDS LAWRENCE STATION,155.07,0,124,601021,3182.744787,1,601022,3337.810867
EAST - 125 DREWRY TOWARDS FINCH STATION,WEST - 125 DREWRY TOWARDS BATHURST (TORRESDALE) ,10.32,0,125,601024,4099.898818,1,601026,4110.219799
EAST - 125S DREWRY SHORT TURN BATHURST,WEST - 125 DREWRY TOWARDS BATHURST (TORRESDALE) ,343.08,0,125,601025,739.2175249,1,601027,1082.299975
SOUTH - 126 CHRISTIE TOWARDS CHRISTIE STATION,NORTH - 126 CHRISTIE TOWARDS ST CLAIR WEST STATION,64.80,0,126,601028,3086.909611,1,601029,3022.110983
EAST - 127 DAVENPORT TOWARDS SPADINA STATION,WEST - 127 DAVENPORT TOWARDS ST CLAIR & OLD WESTON RD,140.27,0,127,601030,6058.992939,1,601031,6199.26487
SOUTH - 129 MCCOWAN NORTH TOWARDS SCARBOROUGH CENTRE,NORTH - 129B MCCOWAN NORTH TOWARDS STEELES,230.35,0,129,601033,7408.951012,1,601035,7178.60276
SOUTH - 129 MCCOWAN NORTH TOWARDS SCARBOROUGH CENTRE  EXTRA FARE REQUIRED NORTH OF STEELES ,NORTH - 129A MCCOWAN NORTH TOWARDS MAJOR MACKENZIE EXTRA FARE REQUIRED NORTH OF STEELES ,1315.35,0,129,601032,16563.2808,1,601034,17878.62911
SOUTH - 130B MIDDLEFIELD TOWARDS SCARBOROUGH CENTRE VIA MAYBROOK,NORTH - 130B MIDDLEFIELD TOWARDS STEELES VIA MAYBROOK,65.30,0,130,601038,8382.546615,1,601040,8447.846162
SOUTH - 130A MIDDLEFIELD TOWARDS SCARBOROUGH CENTRE,NORTH - 130A MIDDLEFIELD TOWARDS STEELES,92.56,0,130,601037,7886.102365,1,601039,7978.661206
WEST - 131S NUGGET SHORT TURN,EAST - 131A NUGGET TOWARDS OLD FINCH/MORNINGVIEW,0.00,0,131,601046,1507.942816,1,601051,1507.942816
WEST - 131E NUGGET EXPRESS TOWARDS SCARBOROUGH CENTRE AND KENNEDY STATION,EAST - 131E NUGGET EXPRESS TOWARDS OLD FINCH/MORNINGVIEW VIA SCARBOROUGH CENTRE,8.77,0,131,601044,16674.818,1,601049,16683.5893
WEST - 131A NUGGET TOWARDS SCARBOROUGH CENTRE,EAST - 131A NUGGET TOWARDS OLD FINCH/MORNINGVIEW,33.42,0,131,601041,10107.78503,1,601047,10141.2007
WEST - 131S NUGGETSHORT TURN,EAST - 131A NUGGET TOWARDS OLD FINCH/MORNINGVIEW,40.31,0,131,601045,1612.750776,1,601052,1653.065359
WEST - 131E NUGGET EXPRESS TOWARDS SCARBOROUGH CENTRE AND KENNEDY STATION,EAST - 131E NUGGET EXPRESS TOWARDS OLD FINCH/MORNINGVIEW VIA SCARBOROUGH CENTRE,49.09,0,131,601043,16779.62596,1,601050,16828.71184
WEST - 131A NUGGET TOWARDS SCARBOROUGH CENTRE,EAST - 131A NUGGET TOWARDS OLD FINCH/MORNINGVIEW,138.22,0,131,601042,10002.97707,1,601047,10141.2007
WEST - 132 MILNER TOWARDS MCLEVIN & HUPFIELD,EAST - 132 MILNER TOWARDS SCARBOROUGH CENTRE,1355.51,0,132,601054,803.3482206,1,601056,2158.858899
WEST - 132 MILNER TOWARDS SCARBOROUGH CENTRE,EAST - 132 MILNER TOWARDS MCLEVIN & HUPFIELD,1411.47,0,132,601053,9048.606615,1,601055,10460.0784
SOUTH - 133 NEILSON TOWARDS SCARBOROUGH CENTRE VIA CENTENARY,NORTH - 133 NEILSON TOWARDS MORNINGSIDE HEIGHTS VIA CENTENARY ,201.75,0,133,601057,14929.14043,1,601060,15130.8926
SOUTH - 133 NEILSON TOWARDS SCARBOROUGH CENTRE VIA CENTENARY,NORTH - 133 NEILSON TOWARDS MORNINGSIDE HEIGHTS VIA CENTENARY ,236.63,0,133,601059,10370.0494,1,601061,10606.67554
SOUTH - 133 NEILSON TOWARDS SCARBOROUGH CENTRE,NORTH - 133 NEILSON TOWARDS MORNINGSIDE HEIGHTS,236.63,0,133,601058,14484.04626,1,601062,14720.67241
SOUTH - 134 PROGRESS TOWARDS SCARBOROUGH CENTRE,NORTH - 134C PROGRESS TOWARDS CENTENNIAL COLLEGE,226.27,0,134,601067,3661.153837,1,601071,3434.881745
SOUTH - 134 PROGRESS TOWARDS SCARBOROUGH CENTRE,NORTH - 134B PROGRESS TOWARDS MCNICOLL VIA TAPSCOTT,274.53,0,134,601066,13038.40496,1,601070,12763.87644
SOUTH - 134 PROGRESS TOWARDS SCARBOROUGH CENTRE,NORTH - 134A PROGRESS TOWARDS FINCH VIA TAPSCOTT,289.77,0,134,601064,8105.284607,1,601069,7815.516811
SOUTH - 134 PROGRESS TOWARDS SCARBOROUGH CENTRE,NORTH - 134A PROGRESS TOWARDS FINCH VIA TAPSCOTT,293.39,0,134,601065,9859.23457,1,601068,9565.839577
EAST - 135 GERRARD TOWARDS WARDEN STATION,WEST - 135 GERRARD TOWARDS MAIN STREET STATION,147.42,0,135,601074,5695.896219,1,601075,5548.472039
SOUTH - 141 DOWNTOWN EXPRESS - EXTRA FARE REQUIRED,NORTH - 141 MT PLEASANT EXPRESS TOWARDS EGLINTON - EXTRA FARE REQUIRED,1063.32,0,141,601079,10212.97691,1,601082,9149.661212
SOUTH - 141 DOWNTOWN EXPRESS - EXTRA FARE REQUIRED,NORTH - 141 DOWNTOWN EXPRESS - EXTRA FARE REQUIRED,1414.54,0,141,601080,2571.290308,1,601083,1156.747046
SOUTH - 142 DOWNTOWN EXPRESS - EXTRA FARE REQUIRED,NORTH - 142 AVENUE RD EXPRESS TOWARDS HIGHWAY 401 - EXTRA FARE REQUIRED,489.95,0,142,601084,12652.15582,1,601086,12162.20747
SOUTH - 142 AVENUE RD EXPRESS TOWARDS HIGHWAY 401 - EXTRA FARE REQUIRED,NORTH - 142 AVENUE RD EXPRESS TOWARDS HIGHWAY 401 - EXTRA FARE REQUIRED,10883.38,0,142,601085,1278.82772,1,601086,12162.20747
EAST - 143 BEACH EXPRESS TOWARDS NEVILLE PARK - EXTRA FARE REQUIRED,WEST - 143 DOWNTOWN EXPRESS - EXTRA FARE REQUIRED,1170.53,0,143,601087,9443.995453,1,601089,10614.52403
SOUTH - 144 DOWNTOWN EXPRESS - EXTRA FARE REQUIRED,NORTH - 144 DON VALLEY EXPRESS TOWARDS WYNFORD AND YORK MILLS - EXTRA FARE REQUIRED,474.88,0,144,601093,20885.24292,1,601096,21360.11857
SOUTH - 144 DOWNTOWN EXPRESS - EXTRA FARE REQUIRED,NORTH - 144B DON VALLEY EXPRESS TOWARDS WYNFORD - EXTRA FARE REQUIRED,686.52,0,144,601094,15298.82005,1,601098,14612.3036
SOUTH - 144 DOWNTOWN EXPRESS - EXTRA FARE REQUIRED,NORTH - 144S DON VALLEY EXPRESS SHORT TURN,1341.93,0,144,601095,2498.67558,1,601100,1156.747046
SOUTH - 144 DOWNTOWN EXPRESS - EXTRA FARE REQUIRED,NORTH - 144 DON VALLEY EXPRESS TOWARDS WYNFORD AND YORK MILLS - EXTRA FARE REQUIRED,1823.63,0,144,601092,19536.48979,1,601096,21360.11857
EAST - 145 DOWNTOWN EXPRESS - EXTRA FARE REQUIRED,WEST - 145S HUMBER BAY EXPRESS SHORT TURN - EXTRA FARE REQUIRED,119.09,0,145,601102,12058.23928,1,601106,11939.15151
EAST - 145 DOWNTOWN EXPRESS - EXTRA FARE REQUIRED,WEST - 145B HUMBER BAY EXPRESS TOWARDS KIPLING - EXTRA FARE REQUIRED,670.69,0,145,611296,16294.98111,1,601108,15624.28749
EAST - 145 DOWNTOWN EXPRESS - EXTRA FARE REQUIRED,WEST - 145B HUMBER BAY EXPRESS TOWARDS KIPLING - EXTRA FARE REQUIRED,670.69,0,145,611297,16294.98111,1,601108,15624.28749
EAST - 145 DOWNTOWN EXPRESS - EXTRA FARE REQUIRED,WEST - 145B HUMBER BAY EXPRESS TOWARDS KIPLING - EXTRA FARE REQUIRED,2679.98,0,145,611299,18304.27204,1,601108,15624.28749
EAST - 145 DOWNTOWN EXPRESS - EXTRA FARE REQUIRED,WEST - 145B HUMBER BAY EXPRESS TOWARDS KIPLING - EXTRA FARE REQUIRED,2679.98,0,145,611300,18304.27204,1,601108,15624.28749
EAST - 145 DOWNTOWN EXPRESS - EXTRA FARE REQUIRED,WEST - 145B HUMBER BAY EXPRESS TOWARDS KIPLING - EXTRA FARE REQUIRED,2679.98,0,145,611298,18304.27204,1,601108,15624.28749
EAST - 145 DOWNTOWN EXPRESS - EXTRA FARE REQUIRED,WEST - 145S HUMBER BAY EXPRESS SHORT TURN - EXTRA FARE REQUIRED,7603.83,0,145,601104,4335.323364,1,611301,11939.15151
SOUTH - 160 BATHURST NORTH TOWARDS WILSON STATION EXTRA FARE REQUIRED NORTH OF STEELES,NORTH - 160 BATHURST NORTH TOWARDS CENTRE STREET EXTRA FARE REQUIRED NORTH OF STEELES,1736.30,0,160,601116,9523.120723,1,601122,11259.42317
EAST - 161 ROGERS RD TOWARDS OSSINGTON STATION,WEST - 161 ROGERS RD TOWARDS JANE,410.91,0,161,601126,9709.527954,1,601128,9298.622375
EAST - 161 ROGERS RD TOWARDS JANE,WEST - 161 ROGERS RD TOWARDS JANE,7688.20,0,161,601127,1610.41869,1,601128,9298.622375
EAST - 162 LAWRENCE-DONWAY TOWARDS DON MILLS,WEST - 162 LAWRENCE-DONWAY TOWARDS LAWRENCE STATION,2251.30,0,162,601129,9121.849809,1,601131,11373.15343
EAST - 162 LAWRENCE-DONWAY TOWARDS DON MILLS,WEST - 162 LAWRENCE-DONWAY TOWARDS LAWRENCE STATION,10253.24,0,162,601130,1119.910629,1,601131,11373.15343
EAST - 165 WESTON RD NORTH TOWARDS YORK MILLS STATION,WEST - 165A WESTON RD NORTH TOWARDS STEELES,91.61,0,165,601133,18831.45571,1,601157,18739.84178
EAST - 165 WESTON RD NORTH TOWARDS YORK MILLS STATION EXTRA FARE NORTH OF STEELES,WEST - 165D WESTON RD NORTH TOWARDS MAJOR MACKENZIE AND HIGHWAY 400 EXTRA FARE NORTH OF STEELES,102.10,0,165,601140,27414.81212,1,601159,27516.90831
EAST - 165 WESTON RD NORTH TOWARDS YORK MILLS STATION,WEST - 165A WESTON RD NORTH TOWARDS STEELES,106.80,0,165,601154,18846.64451,1,601157,18739.84178
EAST - 165S WESTON RD NORTH SHORT TURN TOWARDS FINCH,WEST - 165A WESTON RD NORTH TOWARDS STEELES,139.76,0,165,601147,2981.451343,1,601168,2841.695919
EAST - 165 WESTON RD NORTH TOWARDS YORK MILLS STATION EXTRA FARE NORTH OF STEELES,WEST - 165D WESTON RD NORTH TOWARDS MAJOR MACKENZIE AND HIGHWAY 400 EXTRA FARE NORTH OF STEELES,215.12,0,165,601139,27732.02732,1,601159,27516.90831
EAST - 165 WESTON RD NORTH TOWARDS YORK MILLS STATION,WEST - 165A WESTON RD NORTH TOWARDS STEELES,225.60,0,165,601134,18514.24051,1,601157,18739.84178
EAST - 165 WESTON RD NORTH TOWARDS YORK MILLS STATION EXTRA FARE NORTH OF STEELES,WEST - 165D WESTON RD NORTH TOWARDS MAJOR MACKENZIE AND HIGHWAY 400 EXTRA FARE NORTH OF STEELES,643.03,0,165,601144,26873.88132,1,601159,27516.90831
EAST - 165S WESTON RD NORTH SHORT TURN TOWARDS FINCH EXTRA FARE NORTH OF STEELES,WEST - 165D WESTON RD NORTH TOWARDS MAJOR MACKENZIE AND HIGHWAY 400 EXTRA FARE NORTH OF STEELES,1455.08,0,165,601146,10152.90775,1,601171,11607.98988
EAST - 165 WESTON RD NORTH TOWARDS YORK MILLS STATION EXTRA FARE NORTH OF STEELES,WEST - 165D WESTON RD NORTH TOWARDS MAJOR MACKENZIE AND HIGHWAY 400 EXTRA FARE NORTH OF STEELES,1471.34,0,165,601142,28988.24981,1,601159,27516.90831
EAST - 165 WESTON RD NORTH TOWARDS YORK MILLS STATION EXTRA FARE NORTH OF STEELES,WEST - 165D WESTON RD NORTH TOWARDS MAJOR MACKENZIE AND HIGHWAY 400 EXTRA FARE NORTH OF STEELES,1514.00,0,165,601143,26002.91211,1,601159,27516.90831
EAST - 165S WESTON RD NORTH SHORT TURN TOWARDS FINCH EXTRA FARE NORTH OF STEELES,WEST - 165D WESTON RD NORTH TOWARDS MAJOR MACKENZIE AND HIGHWAY 400 EXTRA FARE NORTH OF STEELES,1544.85,0,165,601152,13152.83853,1,601171,11607.98988
SOUTH - 167B PHARMACY NORTH TOWARDS DON MILLS STATION,NORTH - 167B PHARMACY NORTH TOWARDS STEELES,16.80,0,167,601176,7634.313375,1,601178,7651.108571
SOUTH - 167A PHARMACY NORTH TOWARDS DON MILLS STATION VIA CONSUMERS RD,NORTH - 167A PHARMACY NORTH TOWARDS STEELES VIA CONSUMERS RD,33.63,0,167,601175,9326.183896,1,601177,9359.818672
SOUTH - 168 SYMINGTON TOWARDS DUNDAS WEST STATION,NORTH - 168 SYMINGTON TOWARDS ROGERS RD & WESTON RD,43.36,0,168,601179,5002.539273,1,601180,5045.9022
EAST - 169B HUNTINGWOOD TOWARDS SCARBOROUGH CENTRE,WEST - 169B HUNTINGWOOD TOWARDS DON MILLS STATION,14.86,0,169,601183,12042.70741,1,601185,12027.84373
EAST - 169A HUNTINGWOOD TOWARDS SCARBOROUGH CENTRE VIA VAN HORNE,WEST - 169A HUNTINGWOOD TOWARDS DON MILLS STATION VIA VAN HORNE ,347.35,0,169,601182,13928.631,1,601184,14275.97924
SOUTH - 171 MOUNT DENNIS TOWARDS INDUSTRY ST,NORTH - 171 MOUNT DENNIS TOWARDS JANE,590.08,0,171,601199,3457.590882,1,601200,4047.670478
SOUTH - 185 DON MILLS ROCKET TOWARDS PAPE STATION,NORTH - 185 DON MILLS ROCKET TOWARDS STEELES,883.18,0,185,601209,16693.78522,1,601210,17576.96464
EAST - 186 WILSON ROCKET TOWARDS YORK MILLS STATION,WEST - 186 WILSON ROCKET TOWARDS HUMBER COLLEGE,340.47,0,186,601211,19488.6419,1,601212,19148.16828
SOUTH - 188 KIPLING SOUTH ROCKET TOWARDS LAKE SHORE,NORTH - 188 KIPLING SOUTH ROCKET TOWARDS KIPLING STATION,316.87,0,188,601214,5831.18868,1,601219,6148.05604
SOUTH - 188 KIPLING SOUTH ROCKET TOWARDS LAKE SHORE,NORTH - 188 KIPLING SOUTH ROCKET TOWARDS KIPLING STATION,316.87,0,188,601213,5831.18868,1,601219,6148.05604
SOUTH - 188 KIPLING SOUTH ROCKET TOWARDS LAKE SHORE,NORTH - 188 KIPLING SOUTH ROCKET TOWARDS KIPLING STATION,316.87,0,188,601215,5831.18868,1,601220,6148.05604
EAST - 190 ROCKET TOWARDS SCARBOROUGH CENTRE,WEST - 190 ROCKET TOWARDS DON MILLS STATION,334.57,0,190,601223,8869.270042,1,601224,9203.837673
SOUTH - 191B HIGHWAY 27 ROCKET TOWARDS STEELES,NORTH - 191A HIGHWAY 27 ROCKET TOWARDS KIPLING STATION,0.00,0,191,601230,944.294417,1,601236,944.294417
SOUTH - 191A HIGHWAY 27 ROCKET TOWARDS KIPLING STATION,NORTH - 191B HIGHWAY 27 ROCKET TOWARDS STEELES,55.16,0,191,601226,20491.88573,1,601233,20436.72756
SOUTH - 191A HIGHWAY 27 ROCKET TOWARDS KIPLING STATION,NORTH - 191B HIGHWAY 27 ROCKET TOWARDS STEELES,213.38,0,191,601228,21918.29987,1,601235,21704.9175
SOUTH - 191A HIGHWAY 27 ROCKET TOWARDS KIPLING STATION,NORTH - 191C HIGHWAY 27 ROCKET TOWARDS STEELES VIA ATTWELL,312.92,0,191,601227,21391.65155,1,601234,21704.56725
SOUTH - 191C HIGHWAY 27 ROCKET TOWARDS KIPLING STATION VIA ATTWELL,NORTH - 191C HIGHWAY 27 ROCKET TOWARDS STEELES VIA ATTWELL,515.67,0,191,601229,21188.89767,1,601234,21704.56725
SOUTH - 192 ROCKET TOWARDS KIPLING STATION,NORTH - 192 ROCKET TOWARDS PEARSON AIRPORT,3029.46,0,192,601238,12221.83371,1,601241,15251.2962
SOUTH - 192 ROCKET TOWARDS KIPLING STATION,NORTH - 192 ROCKET TOWARDS PEARSON AIRPORT,3029.46,0,192,601239,12221.83371,1,601241,15251.2962
SOUTH - 195 JANE ROCKET TOWARDS JANE STATION,NORTH - 195 JANE ROCKET TOWARDS YORK UNIVERSITY,191.95,0,195,601245,18365.4358,1,601247,18173.4851
SOUTH - 195 JANE ROCKET TOWARDS JANE STATION,NORTH - 195 JANE ROCKET SHORT TURN TOWARDS FINCH,1935.91,0,195,601246,14421.32236,1,601248,12485.41295
EAST - 196B YORK UNIVERSITY ROCKET EXPRESS TOWARDS DOWNSVIEW STATION AND SHEPPARD-YONGE STATION,WEST - 196 YORK UNIVERSITY ROCKET EXPRESS TOWARDS YORK UNIVERSITY VIA DOWNSVIEW STATION,152.76,0,196,601253,12449.60612,1,601261,12296.84916
EAST - 196B YORK UNIVERSITY ROCKET EXPRESS TOWARDS DOWNSVIEW STATION AND SHEPPARD-YONGE STATION,WEST - 196 YORK UNIVERSITY ROCKET EXPRESS TOWARDS YORK UNIVERSITY VIA DOWNSVIEW STATION,152.76,0,196,601254,11553.49239,1,601260,11400.73542
EAST - 196A YORK UNIVERSITY ROCKET EXPRESS TOWARDS DOWNSVIEW STATION,WEST - 196 YORK UNIVERSITY ROCKET EXPRESS TOWARDS YORK UNIVERSITY ,377.69,0,196,601250,7758.105789,1,601258,7380.414853
EAST - 196A YORK UNIVERSITY ROCKET EXPRESS TOWARDS DOWNSVIEW STATION,WEST - 196 YORK UNIVERSITY ROCKET EXPRESS TOWARDS YORK UNIVERSITY ,380.94,0,196,601251,6861.992057,1,601257,6481.049174
EAST - 198 ROCKET TOWARDS U OF T SCARBOROUGH,WEST - 198 ROCKET TOWARDS KENNEDY STATION,814.26,0,198,601264,11199.03354,1,601266,12013.28856
EAST - 199A FINCH ROCKET TOWARDS SCARBOROUGH CENTRE STATION ,WEST - 199A FINCH ROCKET TOWARDS FINCH STATION,258.24,0,199,601268,17236.75235,1,601272,16978.51262
EAST - 199S FINCH ROCKET SHORT TURN TOWARDS MCCOWAN & FINCH,WEST - 199B FINCH ROCKET TOWARDS YORK UNIVERSITY VIA FINCH STATION,338.12,0,199,601271,21634.35715,1,601275,21296.23404
EAST - 199A FINCH ROCKET TOWARDS SCARBOROUGH CENTRE STATION  VIA FINCH STATION,WEST - 199B FINCH ROCKET TOWARDS YORK UNIVERSITY VIA FINCH STATION,431.26,0,199,601269,26064.86918,1,601273,25633.61393
EAST - 199C FINCH ROCKET TOWARDS MORNINGSIDE HEIGHTS,WEST - 199A FINCH ROCKET TOWARDS FINCH STATION,1231.96,0,199,601270,18210.47187,1,601272,16978.51262
EAST - 300A BLOOR-DANFORTH BLUE NIGHT TOWARDS WARDEN,WEST - 300 BLOOR-DANFORTH BLUE NIGHT SHORT TURN TOWARDS JANE STATION,163.96,0,300,601758,11842.87627,1,601789,12006.84076
EAST - 300A BLOOR-DANFORTH BLUE NIGHT TOWARDS WARDEN,WEST - 300K BLOOR-DANFORTH BLUE NIGHT TOWARDS KIPLING STATION,521.86,0,300,601753,24296.84535,1,601778,23774.98348
EAST - 300S BLOOR-DANFORTH BLUE NIGHT SHORT TURN TOWARDS PAPE STATION,WEST - 300K BLOOR-DANFORTH BLUE NIGHT TOWARDS KIPLING STATION,669.71,0,300,601762,16724.15412,1,601783,16054.44073
EAST - 300A BLOOR-DANFORTH BLUE NIGHT TOWARDS WARDEN,WEST - 300B BLOOR-DANFORTH BLUE NIGHT TOWARDS WEST MALL,1332.99,0,300,601748,33183.17986,1,601770,34516.1738
EAST - 300B BLOOR-DANFORTH BLUE NIGHT TOWARDS KENNEDY STATION,WEST - 300S BLOOR-DANFORTH BLUE NIGHT SHORT TURN TOWARDS KIPLING STATION,1874.48,0,300,611308,31815.81885,1,601774,29941.34178
EAST - 300B BLOOR-DANFORTH BLUE NIGHT TOWARDS KENNEDY STATION,WEST - 300S BLOOR-DANFORTH BLUE NIGHT SHORT TURN TOWARDS KIPLING STATION,1874.48,0,300,601751,31815.81885,1,601774,29941.34178
EAST - 300S BLOOR-DANFORTH BLUE NIGHT SHORT TURN TOWARDS COXWELL STATION,WEST - 300B BLOOR-DANFORTH BLUE NIGHT TOWARDS WEST MALL,2122.10,0,300,601761,18462.84212,1,601781,20584.94355
EAST - 300B BLOOR-DANFORTH BLUE NIGHT TOWARDS KENNEDY STATION,WEST - 300S BLOOR-DANFORTH BLUE NIGHT SHORT TURN TOWARDS KIPLING STATION,2240.53,0,300,601752,32181.87292,1,601774,29941.34178
EAST - 300S BLOOR-DANFORTH BLUE NIGHT SHORT TURN TOWARDS PAPE STATION,WEST - 300S BLOOR-DANFORTH BLUE NIGHT SHORT TURN,2452.56,0,300,601764,8449.63126,1,601784,10902.18739
EAST - 301 QUEEN BLUE NIGHT  TOWARDS NEVILLE PARK,WEST - 301 QUEEN BLUE NIGHT TOWARDS LONG BRANCH,13.25,0,301,601791,25539.08359,1,601798,25552.33724
EAST - 301 QUEEN BLUE NIGHT  TOWARDS RONCESVALLES,WEST - 301 QUEEN BLUE NIGHT REPLACEMENT BUS TOWARDS SHAW,82.60,0,301,601795,3120.123096,1,601800,3037.521223
EAST - 301 QUEEN BLUE NIGHT REPLACEMENT BUS TOWARDS SPADINA,WEST - 301 QUEEN BLUE NIGHT REPLACEMENT BUS TOWARDS SHAW,123.88,0,301,601793,2913.637711,1,601800,3037.521223
EAST - 301 QUEEN BLUE NIGHT  TOWARDS NEVILLE PARK,WEST - 301 QUEEN BLUE NIGHT TOWARDS HUMBER,185.80,0,301,601792,17834.90341,1,601799,17649.09926
EAST - 501 QUEEN  TOWARDS GREENWOOD/CONNAUGHT,WEST - 501 QUEEN TOWARDS RONCESVALLES,340.08,0,301,601794,14299.76379,1,601802,14639.84673
EAST - 501 QUEEN TOWARDS GREENWOOD/CONNAUGHT,WEST - 301 QUEEN BLUE NIGHT TOWARDS LONG BRANCH,3538.07,0,301,601796,22014.268,1,601798,25552.33724
EAST - 301 QUEEN BLUE NIGHT TOWARDS RONCESVALLES,WEST - 501 QUEEN TOWARDS RONCESVALLES,3816.60,0,301,601797,10823.24688,1,601802,14639.84673
SOUTH - 302 KINGSTON-MCCOWAN BLUE NIGHT TOWARDS BINGHAM LOOP,NORTH - 302 KINGSTON-MCCOWAN BLUE NIGHT TOWARDS STEELES,110.89,0,302,601803,19445.09453,1,601804,19334.20761
EAST - 304 KING BLUE NIGHT TOWARDS BROADVIEW STATION,WEST - 304 KING BLUE NIGHT TOWARDS DUNDAS WEST STATION,21.16,0,304,601805,12909.9036,1,601807,12931.06054
EAST - 304 KING BLUE NIGHT SHORT TURN,WEST - 304 KING BLUE NIGHT SHORT TURN,95.56,0,304,601806,2293.539816,1,601808,2389.102207
EAST - 306 CARLTON BLUE NIGHT REPLACEMENT BUS TOWARDS MAIN STREET STATION,WEST - 306 CARLTON BLUE NIGHT REPLACEMENT BUS TOWARDS DUNDAS WEST STATION,139.86,0,306,601811,16014.89057,1,601816,15875.02971
SOUTH - 310 BATHURST BLUE NIGHT TOWARDS EXHIBITION,NORTH - 310 BATHURST BLUE NIGHT TOWARDS STEELES,403.10,0,310,601823,20684.54321,1,601825,20281.44719
SOUTH - 310S BATHURST BLUE NIGHT SHORT TURN ,NORTH - 310 BATHURST BLUE NIGHT TOWARDS STEELES,19716.27,0,310,601824,565.1753346,1,601825,20281.44719
EAST - 312 ST CLAIR-JUNCTION BLUE NIGHT TOWARDS ST CLAIR STATION,WEST - 312 ST CLAIR-JUNCTION BLUE NIGHT TOWARDS DUNDAS WEST STATION,323.53,0,312,601828,12269.94366,1,601831,12593.47568
EAST - 315 EVANS-BROWN'S LINE BLUE NIGHT TOWARDS ROYAL YORK STATION,WEST - 315 EVANS-BROWN'S LINE BLUE NIGHT TOWARDS LONG BRANCH VIA SHERWAY,984.35,0,315,601833,12651.36289,1,601834,11667.01366
SOUTH - 317 SPADINA BLUE NIGHT TOWARDS UNION STATION,NORTH - 317 SPADINA BLUE NIGHT TOWARDS SPADINA STATION,77.69,0,317,601835,5411.606271,1,601837,5489.300338
SOUTH - 317 SPADINA BLUE NIGHT TOWARDS KING,NORTH - 317 SPADINA BLUE NIGHT TOWARDS QUEENS QUAY AND SPADINA,447.57,0,317,601836,2667.034262,1,601838,3114.600251
SOUTH - 320 YONGE BLUE NIGHT TOWARDS QUEENS QUAY ,NORTH - 320 YONGE BLUE NIGHT TOWARDS STEELES VIA FINCH STATION,161.17,0,320,601863,18513.01007,1,601870,18674.17687
SOUTH - 320 YONGE BLUE NIGHT TOWARDS QUEENS QUAY ,NORTH - 320 YONGE BLUE NIGHT TOWARDS STEELES,555.70,0,320,601864,12294.64088,1,601872,11738.93754
SOUTH - 320 YONGE BLUE NIGHT TOWARDS QUEENS QUAY ,NORTH - 320S YONGE BLUE NIGHT SHORT TURN TOWARDS EGLINTON STATION,694.45,0,320,601868,8159.151305,1,601875,7464.696496
SOUTH - 322S COXWELL BLUE NIGHT SHORT TURN TOWARDS DANFORTH,NORTH - 322S COXWELL BLUE NIGHT SHORT TURN TOWARDS DANFORTH,127.11,0,322,601881,5397.7096,1,601886,5524.816879
SOUTH - 322 COXWELL BLUE NIGHT TOWARDS VICTORIA PARK VIA KINGSTON RD,NORTH - 322 COXWELL BLUE NIGHT TOWARDS BROADVIEW STATION ,534.41,0,322,601878,10922.52648,1,601883,10388.12122
SOUTH - 322S COXWELL BLUE NIGHT TOWARDS WARDEN VIA VICTORIA PARK AND DANFORTH,NORTH - 322S COXWELL BLUE NIGHT SHORT TURN TOWARDS DANFORTH,2974.32,0,322,601879,2550.495334,1,601886,5524.816879
SOUTH - 324 VICTORIA PARK BLUE NIGHT TOWARDS KINGSTON RD,NORTH - 324 VICTORIA PARK BLUE NIGHT TOWARDS STEELES VIA SHEPPARD AND WARDEN,128.90,0,324,601887,17157.41531,1,601890,17286.31533
SOUTH - 325 DON MILLS BLUE NIGHT TOWARDS EASTERN,NORTH - 325 DON MILLS BLUE NIGHT TOWARDS STEELES,909.70,0,325,601893,19616.44516,1,601897,20526.14735
SOUTH - 325S DON MILLS BLUE NIGHT SHORT TURN TOWARDS DANFORTH,NORTH - 325 DON MILLS BLUE NIGHT TOWARDS STEELES,3685.27,0,325,601894,16840.88126,1,601897,20526.14735
SOUTH - 329 DUFFERIN BLUE NIGHT TOWARDS EXHIBITION,NORTH - 329 DUFFERIN BLUE NIGHT TOWARDS STEELES,364.72,0,329,601899,20835.8652,1,601904,21200.58587
EAST - 332 EGLINTON WEST BLUE NIGHT TOWARDS EGLINTON STATION,WEST - 332 EGLINTON WEST BLUE NIGHT TOWARDS RENFORTH AND PEARSON AIRPORT,2175.82,0,332,601913,22316.86825,1,601916,24492.68936
EAST - 332 EGLINTON WEST BLUE NIGHT TOWARDS EGLINTON STATION,WEST - 332 EGLINTON WEST BLUE NIGHT TOWARDS RENFORTH AND PEARSON AIRPORT,6532.72,0,332,601915,17959.97155,1,601916,24492.68936
EAST - 334 EGLINTON EAST BLUE NIGHT TOWARDS FINCH AND NEILSON VIA KINGSTON RD AND MORNINGSIDE,WEST - 334 EGLINTON EAST BLUE NIGHT TOWARDS EGLINTON STATION,62.23,0,334,601920,28916.27963,1,601926,28978.51323
WEST - 334 EGLINTON EAST BLUE NIGHT TOWARDS EGLINTON STATION,WEST - 334S EGLINTON EAST BLUE NIGHT SHORT TURN,75.31,0,334,601923,1204.047253,1,601928,1279.35849
EAST - 334 EGLINTON EAST BLUE NIGHT TOWARDS FINCH AND NEILSON VIA KINGSTON RD AND MORNINGSIDE,WEST - 334 EGLINTON EAST BLUE NIGHT TOWARDS EGLINTON STATION,157.90,0,334,601921,29754.31004,1,601927,29912.20861
SOUTH - 335 JANE BLUE NIGHT TOWARDS JANE STATION,NORTH - 335 JANE BLUE NIGHT TOWARDS YORK UNIVERSITY,273.31,0,335,601929,17374.42313,1,601930,17101.11717
EAST - 336 FINCH WEST BLUE NIGHT TOWARDS FINCH STATION,WEST - 336 FINCH WEST BLUE NIGHT TOWARDS WOODBINE RACE TRACK ,36.87,0,336,601931,22118.74632,1,601933,22081.87953
EAST - 336 FINCH WEST BLUE NIGHT TOWARDS FINCH STATION,WEST - 336 FINCH WEST BLUE NIGHT TOWARDS WOODBINE RACE TRACK ,321.96,0,336,601932,22403.83878,1,601933,22081.87953
SOUTH - 337 ISLINGTON BLUE NIGHT TOWARDS LAKE SHORE,NORTH - 337 ISLINGTON BLUE NIGHT TOWARDS STEELES,364.86,0,337,601934,20388.57174,1,601936,20753.43047
SOUTH - 37 ISLINGTON TOWARDS ISLINGTON STATION,NORTH - 337 ISLINGTON BLUE NIGHT TOWARDS STEELES,14327.06,0,337,601935,1504.513533,1,601937,15831.57663
EAST - 339 FINCH EAST BLUE NIGHT TOWARDS MARKHAM RD,WEST - 339 FINCH EAST BLUE NIGHT TOWARDS FINCH STATION,617.03,0,339,601940,17033.85833,1,601942,16416.82566
EAST - 339 FINCH EAST BLUE NIGHT TOWARDS MARKHAM RD,WEST - 339 FINCH EAST BLUE NIGHT TOWARDS FINCH STATION,638.47,0,339,601939,17055.29277,1,601942,16416.82566
SOUTH - 341 KEELE BLUE NIGHT TOWARDS KEELE STATION,NORTH - 341 KEELE BLUE NIGHT TOWARDS YORK UNIVERSITY AND STEELES,2366.03,0,341,601951,15966.30023,1,601952,18332.33483
SOUTH - 343 KENNEDY BLUE NIGHT TOWARDS KENNEDY STATION,NORTH - 343 KENNEDY BLUE NIGHT TOWARDS STEELES,80.13,0,343,611306,12183.69124,1,611307,12263.82089
SOUTH - 343 KENNEDY BLUE NIGHT TOWARDS KENNEDY STATION,NORTH - 343 KENNEDY BLUE NIGHT TOWARDS STEELES,80.13,0,343,601953,12183.69124,1,611307,12263.82089
SOUTH - 343 KENNEDY BLUE NIGHT SHORT TURN,NORTH - 343 KENNEDY BLUE NIGHT TOWARDS STEELES,10821.34,0,343,601954,1442.478021,1,601955,12263.82089
EAST - 352 LAWRENCE WEST BLUE NIGHT TOWARDS SUNNYBROOK HOSPITAL,WEST - 352S LAWRENCE WEST BLUE NIGHT SHORT TURN TOWARDS LAWRENCE STATION,132.21,0,352,601993,2799.888084,1,601997,2932.099421
EAST - 352 LAWRENCE WEST BLUE NIGHT TOWARDS SUNNYBROOK HOSPITAL,WEST - 352 LAWRENCE WEST BLUE NIGHT TOWARDS PEARSON AIRPORT,2881.17,0,352,601991,21977.90825,1,601994,24859.07723
EAST - 353 STEELES EAST BLUE NIGHT TOWARDS STAINES,WEST - 353 STEELES EAST BLUE NIGHT TOWARDS YORK UNIVERSITY,1202.48,0,353,602000,30670.52172,1,602004,29468.04062
EAST - 354 LAWRENCE EAST BLUE NIGHT TOWARDS STARSPRAY BLVD,WEST - 354 LAWRENCE EAST BLUE NIGHT TOWARDS EGLINTON STATION,81.72,0,354,602007,26446.60752,1,602009,26364.88575
SOUTH - 363S OSSINGTON BLUE NIGHT SHORT TURN,NORTH - 363 OSSINGTON BLUE NIGHT TOWARDS EGLINTON WEST STATION,403.27,0,363,602038,8263.946805,1,602041,7860.67559
SOUTH - 363 OSSINGTON BLUE NIGHT TOWARDS EXHIBITION,NORTH - 363 OSSINGTON BLUE NIGHT TOWARDS EGLINTON WEST STATION,1106.01,0,363,602037,10488.33385,1,602039,9382.32875
SOUTH - 365 PARLIAMENT BLUE NIGHT TOWARDS ESPLANADE,NORTH - 365 PARLIAMENT BLUE NIGHT TOWARDS CASTLE FRANK STATION,146.77,0,365,602042,3256.881146,1,602043,3110.109491
EAST - 384 SHEPPARD WEST BLUE NIGHT TOWARDS SHEPPARD-YONGE STATION,WEST - 384 SHEPPARD WEST BLUE NIGHT TOWARDS WESTON RD,194.16,0,384,602059,12292.2816,1,602062,12486.4413
EAST - 384S SHEPPARD WEST BLUE NIGHT SHORT TURN,WEST - 384 SHEPPARD WEST BLUE NIGHT TOWARDS WESTON RD,11540.52,0,384,602061,945.9254347,1,602062,12486.4413
EAST - 385 SHEPPARD EAST BLUE NIGHT TOWARDS MEADOWVALE,WEST - 385 SHEPPARD EAST BLUE NIGHT TOWARDS SHEPPARD-YONGE STATION,130.45,0,385,602065,20456.87142,1,602066,20587.32277
EAST - 395 YORK MILLS BLUE NIGHT TOWARDS MEADOWVALE AND SHEPPARD,WEST - 395 YORK MILLS BLUE NIGHT TOWARDS YORK MILLS STATION,66.31,0,395,602082,23596.5364,1,602086,23662.85093
EAST - 396 WILSON BLUE NIGHT TOWARDS YORK MILLS STATION,WEST - 396 WILSON BLUE NIGHT TOWARDS MARTIN GROVE AND STEELES,223.31,0,396,602091,20838.31403,1,602093,21061.62765
EAST - 396 WILSON BLUE NIGHT TOWARDS YORK MILLS STATION,WEST - 396 WILSON BLUE NIGHT TOWARDS MARTIN GROVE AND STEELES,229.42,0,396,602090,20374.28671,1,602092,20603.70795
EAST - 501 QUEEN TOWARDS RONCESVALLES ,WEST - 501 QUEEN REPLACEMENT BUS TOWARDS SHAW,7.25,0,501,602198,3044.769023,1,602204,3037.521223
EAST - 501 QUEEN TOWARDS NEVILLE PARK ,WEST - 501 QUEEN TOWARDS LONG BRANCH,21.40,0,501,602189,25530.93837,1,602202,25552.33724
EAST - 501 QUEEN TOWARDS GREENWOOD AND CONNAUGHT,WEST - 501 QUEEN TOWARDS HUMBER ,61.95,0,501,602197,14254.4237,1,602207,14316.36952
EAST - 501 QUEEN TOWARDS NEVILLE PARK ,WEST - 501 QUEEN TOWARDS HUMBER ,89.51,0,501,602190,17795.04444,1,602203,17705.53184
EAST - 501 QUEEN TOWARDS HUMBER,WEST - 501 QUEEN TOWARDS LONG BRANCH,111.95,0,501,602195,7828.117207,1,602205,7940.065156
EAST - 501 QUEEN REPLACEMENT BUS TOWARDS SPADINA,WEST - 501 QUEEN REPLACEMENT BUS TOWARDS SHAW,123.88,0,501,602193,2913.637711,1,602204,3037.521223
EAST - 501 QUEEN TOWARDS GREENWOOD AND CONNAUGHT,WEST - 501 QUEEN TOWARDS LONG BRANCH,174.16,0,501,602199,22014.268,1,602208,22188.4294
EAST - 501 QUEEN TOWARDS RONCESVALLES ,WEST - 501 QUEEN TOWARDS LONG BRANCH,192.63,0,501,602200,10806.30732,1,602212,10998.94128
EAST - 501 QUEEN TOWARDS NEVILLE PARK ,WEST - 501 QUEEN TOWARDS GREENWOOD AND CONNAUGHT,220.00,0,501,602196,3675.836555,1,602209,3455.836427
EAST - 501 QUEEN TOWARDS BROADVIEW,WEST - 501 QUEEN TOWARDS HUMBER ,2068.39,0,501,602194,19773.92524,1,602203,17705.53184
EAST - 502 DOWNTOWNER TOWARDS VICTORIA PARK ,WEST - 502 DOWNTOWNER TOWARDS MCCAUL ,100.72,0,502,602213,9897.630477,1,602218,9796.910976
EAST - 502 DOWNTOWNER TOWARDS VICTORIA PARK ,WEST - 502 DOWNTOWNER TOWARDS GREENWOOD/CONNAUGHT,224.05,0,502,602215,4110.975954,1,602220,3886.924463
EAST - 503 KINGSTON RD TOWARDS VICTORIA PARK ,WEST - 503 KINGSTON RD TOWARDS GREENWOOD/CONNAUGHT ,75.34,0,503,602227,3975.760138,1,602232,3900.423125
EAST - 503 KINGSTON RD TOWARDS VICTORIA PARK ,WEST - 503 KINGSTON RD TOWARDS YORK VIA KING ,90.74,0,503,602223,9479.416032,1,602230,9388.680967
EAST - 504 KING TOWARDS BROADVIEW STATION VIA KING,WEST - 504 KING TOWARDS DUNDAS WEST STATION VIA KING ,21.16,0,504,602236,12909.9036,1,602251,12931.06054
EAST - 504 KING TOWARDS BROADVIEW STATION VIA KING,WEST - 504 KING TOWARDS DUNDAS WEST STATION VIA KING ,21.16,0,504,602237,12909.9036,1,602251,12931.06054
EAST - 504 KING TOWARDS BROADVIEW,WEST - 504 KING TOWARDS RONCESVALLES AND QUEEN,58.03,0,504,602245,8381.335866,1,602253,8439.368379
EAST - 504 KING TOWARDS BROADVIEW STATION VIA KING,WEST - 504 KING TOWARDS BROADVIEW,91.46,0,504,602242,2297.64566,1,602257,2389.102207
EAST - 504  KING TOWARDS RONCESVALLES AND QUEEN,WEST - 504 KING TOWARDS BROADVIEW,95.56,0,504,602244,2293.539816,1,602257,2389.102207
EAST - 505 DUNDAS TOWARDS BROADVIEW STATION VIA DUNDAS  ,WEST - 505 DUNDAS TOWARDS DUNDAS WEST STATION VIA DUNDAS ,8.18,0,505,602260,10905.8102,1,602267,10913.98575
EAST - 505 DUNDAS TOWARDS BROADVIEW STATION VIA DUNDAS  ,WEST - 505 DUNDAS TOWARDS DUNDAS WEST STATION VIA DUNDAS ,14.55,0,505,602259,10899.43948,1,602270,10913.98575
EAST - 505 DUNDAS TOWARDS RONCESVALLES AND QUEEN ,WEST - 505 DUNDAS TOWARDS DUNDAS WEST STATION VIA DUNDAS ,259.07,0,505,602266,733.3216713,1,602273,474.2507086
EAST - 506 CARLTON REPLACEMENT BUS TOWARDS MAIN STREET STATION ,WEST - 506 CARLTON REPLACEMENT BUS TOWARDS HIGH PARK AND KEELE STN,147.76,0,506,602276,8977.244011,1,602288,9125.005203
EAST - 506 CARLTON TOWARDS MAIN STREET STATION ,WEST - 506 CARLTON TOWARDS COXWELL AND QUEEN,257.77,0,506,602282,3117.871069,1,602296,2860.098314
EAST - 506 CARLTON TOWARDS MAIN STREET STATION ,WEST - 506 CARLTON TOWARDS MCCAUL,1505.74,0,506,602281,11973.28353,1,602291,10467.54072
EAST - 506 CARLTON TOWARDS MAIN STREET STATION ,WEST - 506 CARLTON TOWARDS MCCAUL,4532.07,0,506,602278,14999.61447,1,602290,10467.54072
509 HARBOURFRONT TOWARDS UNION STATION ,509 HARBOURFRONT TOWARDS EXHIBITION,566.85,0,509,611312,3990.483796,1,611318,3423.629589
509 HARBOURFRONT TOWARDS LAKE SHORE AND BATHURST,509 HARBOURFRONT TOWARDS EXHIBITION,611.00,0,509,611314,1465.193319,1,611320,854.1918225
SOUTH - 510A SPADINA TOWARDS UNION STATION,NORTH - 510 SPADINA TOWARDS QUEEN,11.57,0,510,602338,3126.172134,1,602345,3114.600251
SOUTH - 510A SPADINA TOWARDS UNION STATION,NORTH - 510 SPADINA TOWARDS SPADINA STATION,77.69,0,510,602331,5411.606271,1,602339,5489.300338
SOUTH - 510C SPADINA TOWARDS KING,NORTH - 510 SPADINA TOWARDS SPADINA STATION,81.47,0,510,602334,2667.034262,1,602343,2748.50522
SOUTH - 510B SPADINA TOWARDS QUEENS QUAY,NORTH - 510 SPADINA TOWARDS SPADINA STATION,87.24,0,510,602332,3713.371567,1,602340,3626.13125
SOUTH - 511 BATHURST TOWARDS RONCESVALLES ,NORTH - 511 BATHURST TOWARDS BATHURST STATION ,18.98,0,511,611327,2749.657961,1,611334,2730.675391
SOUTH - 511 BATHURST TOWARDS EXHIBITION ,NORTH - 511 BATHURST TOWARDS BATHURST STATION ,253.55,0,511,611329,2984.220795,1,611334,2730.675391
SOUTH - 511 BATHURST TOWARDS EXHIBITION ,NORTH - 511 BATHURST TOWARDS BATHURST STATION ,634.12,0,511,611323,5677.517904,1,611330,5043.402233
EAST - 512 ST CLAIR REPLACEMENT BUS TOWARDS ST CLAIR STATION,WEST - 512 ST CLAIR REPLACEMENT BUS TOWARDS KEELE,135.88,0,512,602366,7325.613273,1,602376,7461.49379
EAST - 514 CHERRY TOWARDS DISTILLERY VIA KING,WEST - 514 CHERRY TOWARDS EXHIBITION (DUFFERIN GATE) VIA KING,76.24,0,514,606107,7109.054843,1,606108,7185.295265