stop_id,stop_name_19,stop_lon_19,stop_lat_19
262.0,DANFORTH RD AT KENNEDY RD,-79.260939,43.714379
292.0,DUFFERIN ST AT SPRINGHURST AVE,-79.425646,43.634831
294.0,DUFFERIN MALL,-79.434031,43.655795
300.0,DUNDAS ST WEST AT DUNDAS WEST OUTER PLATFORM,-79.453253,43.656768
307.0,EAST YORK TOWN CENTRE,-79.347132,43.705908
318.0,EGLINTON AVE EAST AT EGLINTON SQ,-79.300489,43.725114
366.0,AIRPORT RD AT BEVERLEY ST,-79.647762,43.707577
367.0,AIRPORT RD AT BRESLER DR WEST SIDE,-79.607576,43.685993
368.0,AIRPORT RD AT BRESLER DR,-79.606403,43.686085
369.0,AIRPORT RD AT VICTORY CRES,-79.647215,43.707589
377.0,ATTWELL DR AT MARMAC DR SOUTH SIDE,-79.589518,43.695237
383.0,3174 BATHURST ST,-79.430488,43.721937
392.0,BAYCREST AT HOME FOR AGED,-79.434176,43.729774
393.0,WAGMAN CENTRE,-79.439941,43.729171
425.0,3450 DANFORTH AVE,-79.275031,43.694178
445.0,LANSDOWNE AVE AT DUNDAS ST WEST SOUTH SIDE,-79.439653,43.649559
450.0,LAWRENCE AVE WEST AT CULFORD RD EAST SIDE,-79.486908,43.706429
454.0,LAWRENCE PLAZA AT CANADA TRUST,-79.432586,43.719613
455.0,LAWRENCE SQ AT NORTHWEST ENTRANCE,-79.448281,43.717187
462.0,EXHIBITION LOOP AT MANITOBA DR,-79.41471,43.636511
485.0,WESTWOOD MALL LOOP AT MORNING STAR DR,-79.640711,43.721726
488.0,QUEEN ELIZABETH HOSPITAL AT 130 DUNN AVE,-79.432965,43.635202
499.0,55 RANKIN AVE,-79.446615,43.658448
512.0,MICHAEL POWER / ST JOSEPH H.S.,-79.582965,43.659476
513.0,MICHAEL POWER / ST JOSEPH H.S.,-79.582873,43.659289
564.0,2061 MCCOWAN RD,-79.261074,43.795441
566.0,MCCOWAN RD AT ELSON ST,-79.27602,43.834965
570.0,1020 MCNICOLL AVE,-79.335709,43.804303
576.0,MILITARY TRAIL AT MORNINGSIDE AVE,-79.193257,43.789009
582.0,MORNINGSIDE AVE AT WALKWAY SOUTH OF OASIS,-79.232874,43.826549
583.0,MORNING STAR DR AT CATALPA RD,-79.643204,43.719752
584.0,MORNING STAR DR AT CATALPA RD,-79.643031,43.720149
585.0,MORNING STAR DR AT AIRPORT RD EAST SIDE,-79.649766,43.709985
586.0,MORNING STAR DR AT LANCASTER AVE,-79.647418,43.712757
587.0,MORNING STAR DR AT MANION RD,-79.647738,43.71257
588.0,MORNING STAR DR AT REINDEER DR WEST SIDE,-79.646964,43.714132
589.0,MORNING STAR DR AT REINDEER DR,-79.646501,43.714642
641.0,FRONT ST WEST AT BAY ST EAST SIDE (UNION STATION),-79.378521,43.645995
680.0,JOHN GARLAND BLVD AT FINCH AVE WEST SOUTH SIDE,-79.594657,43.73531
683.0,KEELE ST AT FINCH AVE WEST NORTH SIDE (FINCH WEST STATION),-79.490996,43.764093
685.0,KEELE ST AT FINCH AVE WEST,-79.491402,43.763952
689.0,LANSDOWNE AVE AT SEAFORTH AVE,-79.437588,43.642783
702.0,MCCOWAN RD LOOP AT STEELES AVE EAST,-79.275086,43.83243
732.0,YONGE ST AT GLEN ELM AVE,-79.395009,43.691181
735.0,1100 BELLAMY RD NORTH,-79.242397,43.776198
748.0,16 THE DONWAY EAST - OPPOSITE DON MILLS COLLEGIATE,-79.340644,43.736053
750.0,1915 MARTIN GROVE RD,-79.596177,43.746303
787.0,NEILSON RD AT OPP WALKWAY TO BLACKWATER CRES & KESSACK CRT,-79.218453,43.799867
827.0,ST BASIL THE GREAT COLLEGE SCHOOL,-79.533957,43.726797
835.0,1750 STEELES AVE WEST,-79.478067,43.785538
857.0,TRANSIT RD AT WILSON AVE NORTH SIDE,-79.45215,43.734708
858.0,TRANSIT RD AT WILSON AVE,-79.452674,43.734385
895.0,OPPOSITE 675 WILSON AVE,-79.455114,43.733006
900.0,5800 YONGE ST,-79.416819,43.784107
903.0,YONGE ST AT FRONT ST EAST,-79.376766,43.646768
929.0,STEELES AVE EAST AT OPPOSITE WALKWAY TO WHITMAN ST,-79.409206,43.80052
940.0,BLOOR ST WEST AT PALMERSTON BLVD,-79.413525,43.66468
950.0,SPADINA RD AT ARDMORE RD,-79.415549,43.695334
962.0,BRIMLEY RD AT WALKWAY TO MCCOOL CRT,-79.283192,43.818488
975.0,KEELE ST AT FOUR WINDS DR,-79.491793,43.765884
980.0,OPPOSITE 724 CALEDONIA RD,-79.463748,43.699908
981.0,SHEPPARD AVE WEST AT NORTHWOOD PARK,-79.496344,43.742758
995.0,WARDEN AVE AT CACHET PKWY (SOUTH),-79.342219,43.888425
1000.0,361 THE WEST MALL,-79.565235,43.640811
1004.0,125 MILNER AVE,-79.246078,43.785255
1006.0,MCCOWAN RD AT DENISON ST,-79.278119,43.84163
1008.0,WARDEN AVE AT CARLTON RD,-79.336749,43.867355
1011.0,MIDDLEFIELD RD AT WALKWAY to BUCKHURST CRES,-79.254808,43.805348
1012.0,877 YONGE ST,-79.388272,43.674159
1040.0,2395 BAYVIEW AVE (BOB RUMBALL CENTRE FOR THE DEAF),-79.381269,43.733948
1042.0,DANFORTH AVE AT CARLAW AVE,-79.347166,43.678557
1043.0,BIRCHMOUNT RD AT FERGUSON GATE,-79.317919,43.829914
1069.0,WESTON RD AT WRIGHT AVE NORTH SIDE,-79.512257,43.698774
1072.0,BIRCHMOUNT RD AT WALKWAY TO RIVER GROVE DR,-79.315655,43.818466
1076.0,MORNINGSIDE AVE AT MORNINGSIDE PARK,-79.191414,43.780477
1092.0,FINCH AVE EAST AT WALKWAY TO CHESTER LE BLVD,-79.328039,43.79396
1097.0,170 NUGGET AVE,-79.253399,43.794964
1102.0,WARDEN AVE AT ENTERPRISE BLVD,-79.332174,43.848684
1120.0,151 NORFINCH DR,-79.529897,43.764794
1131.0,9350 MARKHAM RD,-79.264556,43.893941
1135.0,98 TORYORK DR,-79.549298,43.755799
1144.0,BLOOR ST WEST AT CLENDENAN AVE,-79.469857,43.652613
1179.0,1420 KENNEDY RD,-79.280569,43.763626
1182.0,3200 PHARMACY AVE,-79.328906,43.799855
1192.0,OPPOSITE 100 ANTIBES DR,-79.446995,43.779568
1211.0,250 NORFINCH DR,-79.531472,43.768306
1226.0,166 NORFINCH DR,-79.530575,43.766382
1231.0,1150 FINCH AVE WEST,-79.483642,43.765283
1234.0,1290 DANFORTH RD,-79.245627,43.740746
1235.0,100 NORFINCH DR,-79.529001,43.759548
1251.0,MARKHAM RD AT 16TH AVE,-79.264246,43.892221
1265.0,1245 DUPONT ST (GALLERIA PLAZA),-79.441213,43.668187
1271.0,700 ARROW RD,-79.529601,43.745714
1273.0,636 FINCH AVE EAST (PLAZA),-79.380817,43.787631
1282.0,80 COSBURN AVE,-79.350949,43.689059
1297.0,OPPOSITE 2900 WARDEN AVE (BRIDLETOWN MALL),-79.316801,43.799101
1298.0,NORFINCH DR AT WALKWAY TO SHOREHAM DR,-79.530388,43.766445
1303.0,PLEASANT BLVD AT AVOCA AVE,-79.389151,43.688313
1318.0,1919 ALBION RD,-79.619354,43.746286
1325.0,OPPOSITE 15 FENMAR DR,-79.535507,43.759283
1328.0,OPPOSITE 525 MILNER AVE,-79.226832,43.792548
1346.0,KENNEDY RD AT PURCELL SQ SOUTH SIDE,-79.304258,43.817073
1358.0,230 IAN MACDONALD BLVD,-79.507154,43.775944
1368.0,BIRCHMOUNT RD AT DENISON ST,-79.318958,43.832936
1392.0,THORNCLIFFE PARK DR AT PAT MOORE DR SOUTH SIDE,-79.344305,43.708846
1400.0,90 COMMANDER BLVD,-79.2663,43.793732
1402.0,LESLIE ST AT RIPPLETON RD,-79.35795,43.742689
1431.0,68 RAILSIDE RD,-79.322386,43.737946
1432.0,SHEPPARD AVE EAST AT WALKWAY TO BURROWS HALL BLVD,-79.222996,43.796945
1437.0,KINGSTON RD AT BRINLOOR BLVD,-79.214529,43.74133
1467.0,111 CACTUS AVE,-79.433834,43.791796
1487.0,OPPOSITE 2791 VICTORIA PARK AVE,-79.326411,43.782185
1488.0,MORNINGSTAR DR AT COLLETT RD,-79.649557,43.710376
1498.0,MARKHAM RD AT HIGH GLEN AVE,-79.254683,43.851365
1502.0,WARDEN AVE AT WALKWAY TO SEAGRAVE CRES,-79.322148,43.809176
1506.0,44 MILNER AVE,-79.253539,43.785124
1510.0,BRIMLEY RD AT WALKWAY TO GOLDHAWK TRAIL,-79.28304,43.818639
1512.0,ALBION RD AT BEAUMONDE HEIGHTS PARK WEST SIDE,-79.573613,43.738716
1516.0,3636 WESTON RD,-79.544263,43.759232
1539.0,THE BRIDLE WALK AT MAJOR MACKENZIE DR EAST,-79.309415,43.899444
1540.0,BLOOR ST WEST AT BRUNSWICK AVE,-79.40732,43.665998
1569.0,OPPOSITE 2001 EGLINTON AVE EAST,-79.28304,43.729
1570.0,STEELES AVE EAST AT WALKWAY TO JOYCEDALE ST,-79.264264,43.833683
1571.0,4325 MCCOWAN RD (MILLIKEN PARK REC CENTRE),-79.275068,43.828928
1575.0,DANFORTH AVE AT MONARCH PARK AVE,-79.327079,43.682686
1578.0,AIRPORT RD AT DERRY RD EAST NORTH SIDE,-79.642841,43.70411
1585.0,DANFORTH AVE AT PLAYTER BLVD,-79.355193,43.676835
1597.0,LAWRENCE AVE EAST AT OPPOSITE WALKWAY TO RIDGEWOOD RD,-79.12498,43.786215
1607.0,OPPOSITE 1275 MORNINGSIDE AVE,-79.200274,43.803405
1613.0,115 SKYWAY AVE,-79.583031,43.683855
1618.0,STEPHEN DR AT WHITWORTH AVE NORTH SIDE,-79.48521,43.632813
1631.0,45 NORFINCH DR,-79.526818,43.757191
1636.0,STEELES AVE EAST AT SHADLOCK ST,-79.261385,43.834084
1637.0,6355 AIRPORT RD,-79.62516,43.691085
1638.0,BIRCHMOUNT RD AT WALKWAY TO AMBERCROFT BLVD,-79.313644,43.813872
1640.0,HARBORD ST AT MANNING AVE,-79.41477,43.660422
1643.0,WARDEN AVE AT CALVERT RD NORTH SIDE,-79.339467,43.877526
1651.0,OPPOSITE 2650 ST CLAIR AVE WEST,-79.496591,43.666472
1654.0,WARDEN AVE AT HIGHWAY 7,-79.333641,43.855541
1669.0,38 ORFUS RD,-79.459476,43.719707
1720.0,OPPOSITE 49 MABELLE AVE,-79.528623,43.645504
1734.0,75 THE EAST MALL,-79.548016,43.618788
1738.0,MCCOWAN RD AT GILLINGHAM AVE,-79.276473,43.835287
1773.0,BLOOR ST EAST AT CHURCH ST,-79.382992,43.671146
1780.0,519 KENNEDY RD,-79.262395,43.719561
1784.0,GARYRAY DR AT NORELCO DR,-79.535855,43.769757
1791.0,3700 BLOOR ST WEST AT RESURRECTION RD,-79.530639,43.643174
1798.0,4375 CHESSWOOD DR,-79.477914,43.761034
1812.0,615 THE EAST MALL,-79.566765,43.657031
1824.0,STEELES AVE EAST AT VALLONCLIFFE RD,-79.388087,43.805174
1828.0,OPPOSITE 519 KENNEDY RD (CEMETERY),-79.262595,43.719412
1831.0,549 OAKDALE RD,-79.526479,43.750547
1841.0,WARDEN AVE AT 125 BAMBURGH CIR APTS,-79.32467,43.81447
1846.0,ATKINSON AVE AT DUNDURN CRES (SOUTH),-79.444709,43.81725
1855.0,MCCOWAN RD AT WALKWAY TO ALANBULL SQ,-79.272989,43.819978
1856.0,900 KENNEDY RD,-79.27129,43.739959
1860.0,339 THE WEST MALL,-79.564062,43.637935
1866.0,MARKHAM RD AT SPRINGDALE ST,-79.26252,43.885657
1870.0,OPPOSITE 689 WARDEN AVE,-79.2792,43.707399
1892.0,MCCOWAN RD AT HERITAGE RD,-79.285397,43.870059
1893.0,OPPOSITE 1801-1821 ALBION RD,-79.611781,43.745179
1915.0,45 IRONSIDE CRES,-79.247112,43.827009
1918.0,92 OAKDALE RD,-79.525837,43.739959
1923.0,BRIMLEY RD AT OPPOSITE WALKWAY TO AUDRELANE CRT,-79.284963,43.822934
1963.0,MCCOWAN RD AT OPPOSITE MILLIKEN WELLS PLAZA,-79.274966,43.825007
1965.0,BLOOR ST WEST AT RIVERSIDE DR (SOUTH) EAST SIDE,-79.487732,43.647665
1982.0,OPPOSITE 120 MCLEVIN AVE,-79.235258,43.801589
1993.0,CASTLEMORE AVE AT THE BRIDLE WALK,-79.308065,43.896173
2033.0,OPPOSITE 327 DIXON RD,-79.555207,43.695236
2038.0,THISTLE DOWN BLVD AT ALBION RD,-79.560691,43.736103
2039.0,BLOOR ST WEST AT RIVERSIDE DR (NORTH),-79.490859,43.648007
2046.0,MT PLEASANT RD AT MT PLEASANT CEMETERY,-79.385302,43.694928
2056.0,550 OAKDALE RD,-79.526856,43.750135
2062.0,BIRCHMOUNT RD AT HIGHWAY 401 (WALKWAY NORTH OF ROLARK),-79.293899,43.77185
2066.0,BERRY RD AT CLOVERHILL RD,-79.490027,43.636958
2079.0,43 DREWRY AVE,-79.419446,43.78659
2089.0,777 KIPLING AVE,-79.529938,43.629266
2090.0,72 FIFESHIRE RD,-79.389137,43.758335
2100.0,MORNINGSIDE AVE AT WALKWAY TO MCKNIGHT DR,-79.203682,43.810567
2116.0,MARKHAM RD AT ROBINSON ST,-79.260689,43.877739
2120.0,TORONTO SOUTH DETENTION CENTRE,-79.514632,43.609555
2151.0,LAWRENCE AVE EAST AT CEDARBRAE MALL,-79.229975,43.758704
2162.0,6900 AIRPORT RD (INTERNATIONAL CENTRE - NORTH ENTRANCE),-79.640204,43.701831
2168.0,22 STEINWAY BLVD,-79.621338,43.751547
2172.0,1792 BIRCHMOUNT RD,-79.291431,43.765388
2199.0,OPPOSITE 840 TANDRIDGE CRES,-79.548451,43.729235
2235.0,88 PARK LAWN RD,-79.48426,43.624275
2310.0,2900 WARDEN AVE (BRIDLETOWN MALL),-79.31716,43.799239
2324.0,161 BRIDGELAND AVE,-79.46476,43.72518
2327.0,546 THE WEST MALL,-79.569908,43.651651
2335.0,1685 FINCH AVE WEST (ST WILFREDS SCHOOL),-79.503471,43.760174
2366.0,115 MILNER AVE,-79.248371,43.784655
2376.0,OPPOSITE 68 RAILSIDE RD,-79.322204,43.737875
2393.0,715 MILNER AVE (HONDA PLANT-EAST ENTRANCE),-79.206658,43.796774
2401.0,1121 LESLIE ST,-79.348968,43.722327
2403.0,BLOOR ST WEST AT PALMERSTON BLVD,-79.413751,43.664504
2407.0,WOODBINE AVE AT MILVERTON BLVD,-79.314445,43.689268
2418.0,101 DUNCAN MILL RD,-79.355567,43.761629
2431.0,MORTIMER AVE AT DUNKIRK RD,-79.323192,43.691303
2442.0,2050 MCCOWAN RD,-79.261173,43.795063
2443.0,241 WOODSWORTH RD,-79.368031,43.764943
2453.0,30 DREWRY AVE,-79.41949,43.786718
2455.0,4500 SHEPPARD AVE EAST,-79.265033,43.78841
2456.0,ATKINSON RD AT SPRING GATE BLVD SOUTH SIDE,-79.44158,43.806428
2458.0,949 WILSON AVE,-79.474465,43.728771
2481.0,2278 BRIMLEY RD,-79.272874,43.797048
2484.0,154 NORFINCH DR,-79.530085,43.764664
2494.0,DANFORTH AVE AT GLEBEMOUNT AVE,-79.317555,43.684726
2503.0,OPPOSITE 715 MILNER AVE (HONDA PLANT-WEST ENTRANCE),-79.210457,43.796103
2505.0,BLOOR ST WEST AT RESURRECTION RD,-79.53091,43.642903
2528.0,190 RAILSIDE RD,-79.324849,43.739563
2549.0,29 VALLEY WOODS RD,-79.33291,43.753958
2556.0,4640 FINCH AVE EAST,-79.273956,43.806496
2563.0,WYNFORD DR AT GARAMOND CT WEST SIDE,-79.333957,43.725144
2568.0,COLLEGE ST AT CRAWFORD ST,-79.418874,43.65523
2581.0,O'CONNOR DR AT GLENWOOD CRES WEST SIDE,-79.316311,43.702316
2587.0,WARDEN AVE AT OPPOSITE WALKWAY TO SEAGRAVE CRES,-79.322396,43.809163
2607.0,AIRPORT RD AT HIGHWAY 427 OVERPASS WEST SIDE,-79.602317,43.686436
2613.0,2265 MIDLAND AVE,-79.273882,43.77546
2616.0,1180 ALBION RD,-79.568184,43.737809
2637.0,MCCOWAN RD AT TRAIL RIDGE LANE,-79.289261,43.88726
2669.0,OPPOSITE 340 THE EAST MALL,-79.556821,43.639281
2674.0,257 FINCHDENE SQ,-79.23489,43.82111
2686.0,BLOOR ST WEST AT SOUTH KINGSWAY,-79.485977,43.648025
2694.0,BLOOR ST WEST AT MANNING AVE,-79.415911,43.66416
2733.0,OPPOSITE 4355-4363 JANE ST,-79.519352,43.763886
2752.0,BLOOR ST WEST AT THOMPSON AVE EAST SIDE,-79.513778,43.64671
2767.0,MARKHAM RD AT EDWARD JEFFREYS AVE,-79.265198,43.896349
2773.0,OPPOSITE 715 MILNER AVE (HONDA PLANT-EAST ENTRANCE),-79.206377,43.79698
2776.0,124 MILNER AVE,-79.248381,43.78482
2780.0,PINE ST AT LAWRENCE AVE WEST,-79.507916,43.701353
2787.0,OPPOSITE 3689 WESTON RD,-79.5451,43.763041
2793.0,OPPOSITE 2121 MARKHAM RD,-79.243993,43.806166
2803.0,MARKHAM RD AT SPRINGDALE ST,-79.262748,43.885943
2818.0,BRENYON WAY AT WALKWAY TO JOHN TABOR TRAIL,-79.208118,43.803534
2828.0,OPPOSITE 88 PARK LAWN RD,-79.484087,43.624424
2870.0,175 CALEDONIA RD,-79.456679,43.680022
2878.0,COLLEGE ST AT BORDEN ST,-79.405017,43.657064
2891.0,MIDDLEFIELD RD AT MCCOWAN RD,-79.260706,43.799166
2895.0,140 CHURCH ST,-79.514059,43.707374
2913.0,215 HORNER AVE,-79.517705,43.60771
2920.0,100 CARRIER DR,-79.61271,43.739353
2926.0,3660 MIDLAND AVE,-79.291811,43.813407
2938.0,OPPOSITE 29 VALLEY WOODS RD,-79.333227,43.753842
2941.0,279 YORKLAND BLVD (NORTH),-79.334456,43.773357
2946.0,MIDDLEFIELD RD AT OPPOSITE WALKWAY TO BUSHCROFT GROVE,-79.260164,43.799133
2996.0,65 SKYWAY AVE,-79.5857,43.686617
3004.0,TORONTO SOUTH DETENTION CENTRE,-79.515026,43.609901
3006.0,1610 THE QUEENSWAY,-79.544131,43.617112
3031.0,LAWRENCE AVE EAST AT WALKWAY TO RIDGEWOOD RD,-79.125134,43.786249
3077.0,KEELE ST AT EGLINTON AVE WEST SOUTH SIDE,-79.475047,43.689805
3079.0,BRIMLEY RD AT WALKWAY TO AUDRELANE CRT,-79.285125,43.822814
3084.0,MCCOWAN RD AT WILFRED MURISON AVE,-79.289893,43.890134
3116.0,BIRCHMOUNT RD AT 14TH AVE SOUTH SIDE,-79.32018,43.839136
3127.0,OPPOSITE 3501 FINCH AVE EAST (ST AIDAN),-79.309772,43.798192
3138.0,2260 MARKHAM RD,-79.24306,43.810941
3149.0,3900 VICTORIA PARK AVE,-79.340264,43.812907
3156.0,NEW WESTMINSTER DR AT CENTRE ST,-79.457135,43.809212
3158.0,STEELES AVE WEST AT WALKWAY EAST OF ISLINGTON TO FRIULI CRT,-79.571975,43.765154
3162.0,BELFIELD RD AT C.N EAST SPUR,-79.578452,43.701163
3169.0,PEARSON AIRPORT TERMINAL 3 (ARRIVALS LEVEL COLUMNS C8-C12),-79.620932,43.686811
3173.0,MARKHAM RD AT BUR OAK AVE,-79.266175,43.900401
3189.0,STEELES AVE WEST AT GAUDAUR RD,-79.560311,43.767589
3210.0,DANFORTH AVE AT CARLAW AVE,-79.347451,43.678349
3215.0,120 NORFINCH DR,-79.529297,43.761448
3226.0,1235 ORMONT DR,-79.549915,43.764798
3232.0,DANFORTH AVE AT PLAYTER BLVD,-79.354978,43.67703
3257.0,7675 MARKHAM RD,-79.254733,43.853153
3274.0,WYNFORD DR AT GARAMOND CRT,-79.333722,43.725059
3285.0,1900 EGLINTON AVE EAST,-79.293832,43.726568
3295.0,WARDEN AVE AT MCNABB ST,-79.327788,43.832967
3339.0,396 ATTWELL DR,-79.605024,43.702927
3349.0,DANFORTH AVE AT EAST LYNN AVE,-79.315347,43.685037
3369.0,OPPOSITE 35 OAK ST,-79.530044,43.708598
3399.0,QUEEN ST WEST AT TECUMSETH ST,-79.406716,43.646569
3403.0,237 QUEENS PLATE DR (EAST),-79.594773,43.721555
3409.0,263 CARRIER DR,-79.614251,43.750876
3422.0,50 BETH NEALSON DR,-79.345763,43.711282
3434.0,279 REXDALE BLVD,-79.579382,43.713344
3440.0,PROMENADE CIR AT EAST PROMENADE NORTH SIDE (MALL EAST ENT),-79.450171,43.807581
3452.0,HAROLD EVANS CRES AT GORDON BAKER RD EAST SIDE,-79.344227,43.80497
3453.0,MCCOWAN RD AT TRAIL RIDGE LANE,-79.289572,43.887618
3498.0,NORELCO DR AT FENMAR DR,-79.532773,43.760173
3500.0,GULLIVER RD AT GULLIVER PARK,-79.480274,43.698644
3509.0,MCCOWAN RD AT BUR OAK AVE,-79.291414,43.895058
3536.0,VAUGHAN RD AT RUSHTON RD,-79.430557,43.688889
3539.0,6900 AIRPORT RD (INTERNATIONAL CENTRE - NORTH ENTRANCE),-79.63977,43.701955
3546.0,400 ALLIANCE AVE,-79.486127,43.677663
3570.0,OPPOSITE 44 MILNER AVE,-79.253717,43.784944
3584.0,ATKINSON AVE AT DUNDURN CRES (NORTH) EAST SIDE,-79.446538,43.818131
3591.0,OPPOSITE 125 NORFINCH DR,-79.529752,43.763255
3624.0,QUEEN ST WEST AT AUGUSTA AVE,-79.399534,43.648153
3639.0,49 MABELLE AVE,-79.528692,43.645387
3646.0,350 STEELES AVE WEST,-79.432403,43.795394
3651.0,STEELES AVE WEST LOOP AT MARTIN GROVE RD,-79.607838,43.756665
3656.0,2275 MARKHAM RD,-79.242772,43.810593
3677.0,1245 MARTIN GROVE RD,-79.579604,43.710995
3679.0,EGLINTON AVE EAST AT BELLAMY RD SOUTH,-79.227404,43.741162
3680.0,106 LANSDOWNE AVE,-79.438057,43.644016
3691.0,MARKHAM RD AT KIRKHAM DR,-79.254275,43.851046
3705.0,300 ATKINSON AVE,-79.443674,43.815481
3726.0,MT PLEASANT RD AT MT PLEASANT CEMETERY,-79.38538,43.695742
3729.0,COMMANDER BLVD AT MCCOWAN RD WEST SIDE,-79.262448,43.796002
3730.0,4545 STEELES AVE WEST,-79.538072,43.771904
3733.0,AIRPORT RD AT ORLANDO DR,-79.63023,43.694887
3739.0,NEPTUNE DR AT SIR SANDFORD FLEMING ACADEMY,-79.441132,43.728893
3745.0,BIRCHMOUNT RD AT MICRO CRT,-79.319291,43.83482
3746.0,OLD WESTON RD AT STEELES AVE WEST,-79.543542,43.77113
3755.0,MARKHAM RD AT ELSON ST,-79.252108,43.840717
3759.0,2450 BIRCHMOUNT (STEPHEN LEACOCK COLLEGIATE),-79.300578,43.786076
3772.0,WARDEN AVE AT DENISON ST,-79.326714,43.827649
3789.0,STEELES AVE EAST AT OPPOSITE WALKWAY TO ENCHANTED HILLS CRES,-79.277601,43.830596
3791.0,100 LESMILL RD,-79.357208,43.758894
3859.0,6900 AIRPORT RD (INTERNATIONAL CENTRE - SOUTH ENTRANCE),-79.637921,43.700595
3861.0,ELMHURST DR AT REDWATER DR WEST SIDE,-79.560199,43.722909
3865.0,MCCOWAN RD AT 16TH AVE,-79.288702,43.885025
3876.0,1235 PHARMACY AVE,-79.306717,43.74871
3877.0,112 OAKDALE RD,-79.525733,43.741262
3890.0,DANFORTH AVE AT LOGAN AVE,-79.349809,43.677883
3895.0,192 TORYORK DR,-79.558741,43.760392
3896.0,QUEEN ST WEST AT NIAGARA ST,-79.410006,43.645898
3904.0,OPPOSITE 366 THE EAST MALL,-79.558383,43.64355
3910.0,1738 ISLINGTON AVE (RICHVIEW COLLEGIATE),-79.538485,43.678379
3917.0,85 EMMETT AVE,-79.506296,43.687264
3935.0,16 PARK LANE CIRCLE,-79.3759,43.734911
3964.0,25 MABELLE AVE,-79.526888,43.645939
3967.0,SHERBOURNE ST AT RICHMOND ST EAST SOUTH SIDE,-79.368912,43.652663
3985.0,DANFORTH AVE AT GLEDHILL AVE,-79.308455,43.686769
4000.0,STEELES AVE EAST AT WALKWAY TO DAIRIS CRES,-79.283542,43.829251
4006.0,PHARMACY AVE AT WALKWAY TO CRAYFORD DR,-79.335042,43.813989
4028.0,DANFORTH AVE AT BYRON AVE EAST SIDE,-79.33493,43.680831
4038.0,WARDEN AVE AT 16TH AVE,-79.338418,43.873705
4048.0,340 CHAPLIN CRES,-79.42124,43.704194
4073.0,OPPOSITE 150 RAILSIDE RD,-79.32698,43.737447
4090.0,135 COMMANDER BLVD,-79.268697,43.794732
4091.0,700-780 GORDON BAKER RD,-79.342354,43.809966
4112.0,BLOOR ST WEST AT ABERFOYLE CRES,-79.51879,43.64582
4113.0,452 ATTWELL DR,-79.609535,43.704144
4124.0,1686 ALBION RD,-79.597147,43.742559
4132.0,130 TORYORK DR,-79.553392,43.757509
4144.0,FINCH AVE WEST AT ALBION MALL,-79.587002,43.743079
4159.0,OPPOSITE 92 OAKDALE RD,-79.525671,43.739882
4170.0,120 EMMETT AVE AT ROADWAY TO WEST PARK HEALTHCARE CENTRE,-79.508669,43.686434
4172.0,25 LEPAGE CRT,-79.486794,43.758592
4176.0,OPPOSITE 225 REXDALE BLVD,-79.574726,43.712498
4179.0,56 THORNCLIFFE PARK DR,-79.341784,43.704541
4208.0,WARDEN AVE AT GLENBOURNE PARK DR,-79.340829,43.882467
4209.0,MCCOWAN RD AT BUR OAK AVE,-79.29095,43.89452
4213.0,DANFORTH AVE AT LOGAN AVE,-79.349459,43.678114
4215.0,AIRPORT RD AT MORNING STAR DR SOUTH SIDE,-79.649908,43.709112
4219.0,3241 KENNEDY RD,-79.303797,43.816765
4224.0,MCCOWAN RD AT WILFRED MURISON AVE,-79.290377,43.890771
4239.0,FENELON DR AT GRAYDON HALL DR,-79.338922,43.763443
4246.0,OAKDALE RD AT HUMBER REACTIVATION CARE CENTRE,-79.525933,43.753346
4258.0,ROYALCREST RD AT HIGHWAY 27 EAST SIDE,-79.60932,43.749901
4265.0,MARKHAM RD AT STATION ST - MARKHAM GO STATION,-79.261894,43.882364
4273.0,GUILDWOOD PKWY AT GUILD INN WEST SIDE,-79.193938,43.748724
4290.0,OPPOSITE 230 REXDALE BLVD,-79.576999,43.712759
4339.0,LAWRENCE AVE EAST AT BROCKLEY DR EAST SIDE,-79.261408,43.752153
4344.0,418 SHERBOURNE ST,-79.373952,43.665145
4347.0,OPPOSITE 455 GORDON BAKER RD,-79.345832,43.80809
4351.0,CHARLOTTE ST AT KING ST WEST,-79.393743,43.645918
4355.0,3501 FINCH AVE EAST,-79.310186,43.797904
4363.0,3450 MCNICOLL AVE,-79.256958,43.822277
4364.0,QUEEN ST EAST AT NEVILLE PARK BLVD,-79.282531,43.673616
4365.0,SHEPPARD AVE WEST AT WALKWAY TO NORMAN WESLEY WAY,-79.489186,43.744142
4372.0,414 ATTWELL DR,-79.606763,43.703763
4376.0,BENTON RD AT LAWRENCE AVE WEST,-79.471523,43.709698
4380.0,WARDEN AVE AT CALVERT RD,-79.339549,43.877099
4381.0,4725-4727 SHEPPARD AVE EAST,-79.252989,43.79077
4401.0,125 NORFINCH DR,-79.529539,43.763273
4411.0,QUEENS QUAY WEST AT BAY ST EAST SIDE,-79.375474,43.641548
4436.0,WARDEN AVE AT APARTMENTS (SOUTH OF FINCH),-79.314803,43.794578
4441.0,830 PROGRESS AVE,-79.241341,43.780718
4444.0,DUNDAS ST WEST AT ST JOHNS RD,-79.475199,43.665452
4446.0,BATHURST ST AT CLARK AVE,-79.448213,43.803316
4457.0,1325 LANSDOWNE AVE,-79.449246,43.673292
4480.0,23 LESMILL RD,-79.352761,43.756604
4501.0,201 GARYRAY DR,-79.537476,43.769409
4504.0,EGLINTON AVE WEST AT KEELE ST/TRETHEWEY DR,-79.475292,43.689983
4514.0,QUEEN ST WEST AT BATHURST ST,-79.40418,43.647084
4517.0,8150 SHEPPARD AVE EAST,-79.196983,43.802762
4519.0,433 SHERBOURNE ST,-79.373803,43.665188
4525.0,OPPOSITE 340 CHAPLIN CRES,-79.422274,43.704349
4529.0,879 KENNEDY RD,-79.270997,43.739873
4554.0,1800 THE QUEENSWAY,-79.559383,43.614118
4562.0,80 DYNAMIC DR,-79.251737,43.824305
4567.0,MARKHAM RD AT ROBINSON ST SOUTH SIDE,-79.2608,43.877617
4569.0,2500 BLOOR ST WEST,-79.487792,43.647815
4578.0,1095 BELLAMY RD NORTH,-79.242101,43.776019
4580.0,OVERLEA BLVD AT EAST YORK TOWN CENTRE (EAST SIDE),-79.345216,43.706974
4589.0,PROMENADE TERMINAL AT PROMENADE CIR (MALL NORTH ENTRANCE),-79.454201,43.809255
4600.0,DANFORTH AVE AT WESTLAKE AVE,-79.304867,43.687592
4602.0,327 DIXON RD,-79.555404,43.694908
4605.0,2 SHEFFIELD ST,-79.470059,43.703371
4609.0,MCCOWAN RD AT RAYMERVILLE DR (SOUTH),-79.286683,43.876809
4613.0,347 DANFORTH RD,-79.270199,43.703416
4615.0,BLOOR ST WEST AT MONTROSE AVE,-79.420987,43.662921
4631.0,LA ROSE AVE AT SCARLETT RD,-79.51461,43.686547
4638.0,COLLEGE ST AT BORDEN ST,-79.405276,43.656855
4652.0,422 CONSUMERS RD,-79.326921,43.7708
4669.0,OPPOSITE 5600 FINCH AVE EAST,-79.239965,43.813554
4672.0,LAWRENCE AVE WEST AT ROSEWELL AVE EAST SIDE,-79.413216,43.722684
4674.0,125 BERMONDSEY RD,-79.313727,43.718201
4698.0,DUFFERIN ST AT MELBOURNE AVE,-79.427735,43.640185
4700.0,BATHURST ST AT MILNER GATE,-79.447632,43.799658
4701.0,114 TORYORK DR,-79.551449,43.756718
4712.0,141 MORNINGVIEW TRAIL,-79.199255,43.816007
4714.0,MORNING STAR DR AT NETHERWOOD RD,-79.645894,43.716309
4731.0,MIDLAND AVE AT WEYBRIGHT CT SOUTH SIDE,-79.276726,43.781758
4732.0,111 OAKDALE RD,-79.525562,43.741286
4733.0,40 MILVAN DR,-79.554849,43.753568
4734.0,OPPOSITE 130 NEPTUNE DR EAST SIDE,-79.440744,43.729902
4739.0,155 SIGNET DR,-79.540316,43.763841
4741.0,MARKHAM RD AT HIGHWAY 7,-79.260028,43.874234
4750.0,MCNICOLL AVE AT WALKWAY TO HAWKSHEAD CRES,-79.313863,43.808082
4761.0,MCCOWAN AVE AT SOUTHDALE DR,-79.283954,43.865443
4764.0,CHAPLIN CRES AT OPPOSITE WALKWAY TO SHALLMAR APTS,-79.422902,43.704671
4766.0,EGLINTON AVE WEST AT WALKWAY TO LEMONWOOD DR,-79.516419,43.683352
4776.0,240 DUNCAN MILL RD,-79.350758,43.76158
4792.0,185 EVANS AVE,-79.513156,43.618045
4816.0,MCCOWAN RD AT BULLOCK DR - CENTENNIAL GO STATION,-79.286108,43.872917
4820.0,45 WASDALE CRES,-79.436232,43.730635
4825.0,OPPOSITE 555 SHEPPARD AVE WEST,-79.43537,43.756119
4841.0,OPPOSITE 347 DANFORTH RD,-79.270414,43.703484
4867.0,8270 SHEPPARD AVE EAST,-79.191817,43.803942
4873.0,70 THE EAST MALL,-79.547856,43.618406
4874.0,OPPOSITE 20 GRAYDON HALL DR,-79.345073,43.763008
4883.0,MARKHAM RD AT DENISON ST,-79.252634,43.844231
4899.0,2311 & 2319 MCNICOLL AVE,-79.29005,43.814566
4901.0,THE QUEENSWAY AT SHERWAY GARDENS MALL (NORTH ENTRANCE),-79.559743,43.61368
4909.0,1450 DON MILLS RD,-79.347377,43.752477
4920.0,28 INGRAM DR,-79.473545,43.699998
4930.0,89 UPPER CANADA DR,-79.403402,43.75529
4933.0,551 THE WEST MALL,-79.569746,43.651749
4937.0,75 LESMILL RD,-79.357207,43.75908
4944.0,70 MILNER AVE,-79.251406,43.784147
4962.0,1860 MIDLAND AVE,-79.269954,43.764015
4970.0,1149 BELLAMY RD NORTH,-79.242887,43.77801
4973.0,SHEPPARD AVE EAST AT WALKWAY TO WINSTANLY CRES,-79.210176,43.799917
4986.0,MCCOWAN RD AT SOUTH UNIONVILLE AVE,-79.282728,43.860711
5006.0,OPPOSITE 6793-6823 STEELES AVE WEST,-79.608612,43.756748
5009.0,399 THE WEST MALL (ETOBICOKE CIVIC CENTRE),-79.566528,43.643275
5010.0,1055 MCNICOLL AVE,-79.333326,43.803997
5011.0,OPPOSITE 1921 ALBION RD,-79.618864,43.746443
5021.0,150 RAILSIDE RD,-79.32662,43.737725
5027.0,OPPOSITE 195 GALAXY BOULEVARD,-79.583776,43.677121
5038.0,180 MILVAN DR,-79.565663,43.758449
5051.0,800 ISLINGTON AVE,-79.510532,43.616817
5053.0,NEW WESTMINSTER DR AT BATHURST ST,-79.452049,43.817037
5056.0,44 VALLEY WOODS RD,-79.333446,43.755137
5059.0,SHEPPARD AVE EAST AT OPPOSITE WALKWAY TO MURISON BLVD,-79.20352,43.801275
5066.0,6465 AIRPORT RD,-79.627686,43.692968
5084.0,2220 MIDLAND AVE,-79.274027,43.775048
5088.0,UNDERHILL DR AT BEVERIDGE DR,-79.326399,43.748182
5109.0,111 DISCO RD (WEST DETENTION CENTRE),-79.599004,43.700246
5118.0,WARDEN AVE AT BAYCLIFFE RD,-79.337172,43.867699
5121.0,STEELES AVE EAST AT WALKWAY TO IRENEMOUNT CRES,-79.257531,43.835243
5129.0,SHEPPARD AVE EAST AT LONGMORE ST EAST SIDE,-79.39621,43.764666
5131.0,DUFFERIN ST AT EVERSFIELD RD,-79.44654,43.686836
5138.0,WEST PROMENADE AT NEW WESTMINSTER DR,-79.455443,43.80618
5157.0,SHEPPARD AVE WEST AT DOWNSVIEW DELLS PARK,-79.496512,43.742465
5172.0,88 UPPER CANADA DR,-79.403659,43.755244
5197.0,BELFIELD RD AT C.N EAST SPUR,-79.577974,43.701466
5199.0,375 DANFORTH RD,-79.269264,43.704862
5202.0,WARDEN AVE AT MCPHERSON ST,-79.328235,43.833382
5204.0,7710 MARKHAM RD,-79.255258,43.853679
5221.0,400 THE WEST MALL,-79.566764,43.64317
5229.0,STEELES AVE EAST AT WALKWAY TO WHITMAN ST,-79.409414,43.800243
5239.0,1103 BIRCHMOUNT RD,-79.280486,43.73706
5242.0,WARDEN AVE AT 14TH AVE,-79.328885,43.837399
5244.0,821 PROGRESS AVE,-79.241416,43.780538
5250.0,QUEEN ST WEST AT STRACHAN AVE,-79.413308,43.645241
5261.0,23 KODIAK CRES,-79.466081,43.75418
5273.0,OPPOSITE 8270 SHEPPARD AVE EAST,-79.192347,43.803542
5283.0,111 BRIDGELAND AVE,-79.462619,43.725687
5290.0,OPPOSITE 71 MAYBROOK DR,-79.260937,43.824338
5292.0,HIGH PARK LOOP,-79.458045,43.647681
5295.0,BLOOR ST WEST AT SHAW ST,-79.423339,43.662405
5299.0,1400 KENNEDY RD,-79.280142,43.762743
5313.0,OPPOSITE 3030 BIRCHMOUNT RD SCARB HOSPITAL BIRCHMOUNT CAMPUS,-79.308505,43.803109
5322.0,3555 DANFORTH AVE,-79.274904,43.69403
5328.0,OPPOSITE 1111 ARROW RD,-79.534451,43.751047
5348.0,STEELES AVE EAST AT VALLONCLIFFE RD,-79.388366,43.804891
5359.0,OPPOSITE 4000 VICTORIA PARK AVE,-79.340233,43.813517
5362.0,MARKHAM RD AT OPPOSITE WALKWAY TO CLANDFIELD ST,-79.256598,43.859187
5368.0,AIRPORT RD AT FLIGHT TRAINING CENTRE,-79.628239,43.692952
5374.0,130 MILVAN DR,-79.562589,43.757138
5377.0,1120 TAPSCOTT RD,-79.244068,43.827823
5391.0,EGLINTON AVE WEST AT OPPOSITE WALKWAY TO RANGOON RD,-79.577791,43.670682
5394.0,225 CARRIER DR,-79.615884,43.74897
5413.0,160 TYCOS DR,-79.462574,43.703668
5419.0,BLOOR ST WEST AT MONTGOMERY RD,-79.514273,43.646822
5421.0,105 NUGGET AVE,-79.255755,43.793328
5423.0,OPPOSITE 200 BROCKPORT DR,-79.588513,43.701588
5425.0,GELNORCHY RD AT SAINTFIELD AVE NORTH SIDE,-79.364892,43.728709
5426.0,SHEPPARD AVE EAST AT OPPOSITE WALKWAY TO WINSTANLY CRES,-79.210016,43.799679
5463.0,STEELES AVE EAST AT SHADLOCK ST,-79.260884,43.834486
5483.0,BATHURST ST AT TOWNSGATE DR,-79.44598,43.794221
5489.0,49 THORNCLIFFE PARK DR,-79.342468,43.702437
5502.0,1120 BIRCHMOUNT RD,-79.280673,43.736931
5520.0,103 ORFUS RD,-79.466055,43.718121
5534.0,OPPOSITE 900 THE EAST MALL,-79.571728,43.669751
5549.0,OPPOSITE 4981 BATHURST ST,-79.443659,43.775844
5555.0,AIRPORT RD AT AMERICAN DR,-79.621705,43.689113
5584.0,60 SOUTHPORT ST,-79.473648,43.639349
5586.0,689 WARDEN AVE,-79.278973,43.707412
5591.0,FLEMINGTON RD AT STOCKTON RD NORTH SIDE,-79.449119,43.721156
5601.0,1111 ARROW RD,-79.534408,43.751265
5604.0,5310 FINCH AVE EAST,-79.250495,43.811532
5615.0,3030 BIRCHMOUNT RD (SCARBOROUGH HOSPITAL BIRCHMOUNT CAMPUS),-79.308625,43.802862
5623.0,WILSON AVE AT APEX LANE,-79.475772,43.728721
5639.0,LANSDOWNE AVE AT BLOOR ST WEST,-79.442808,43.658445
5640.0,781 WARDEN AVE,-79.286309,43.724925
5647.0,MCCOWAN RD AT DEVONSHIRE AVE,-79.277317,43.838598
5648.0,50 TORYORK DR,-79.546478,43.754615
5651.0,1165 LESLIE ST,-79.351398,43.727576
5691.0,NEPTUNE DR AT OPPOSITE SIR SANDFORD FLEMING ACADEMY,-79.440978,43.728943
5695.0,DANFORTH AVE AT WESTLAKE AVE,-79.305467,43.687271
5697.0,SENLAC RD AT YORK CEMETERY,-79.424846,43.764059
5701.0,112 ORFUS RD,-79.466221,43.718213
5710.0,40 NORELCO DR,-79.533717,43.764139
5713.0,22 LEPAGE CRT,-79.48726,43.758608
5715.0,MIDDLEFIELD RD AT OPPOSITE WALKWAY TO BUCKHURST CRES,-79.254551,43.805305
5716.0,WARDEN AVE AT ALDEN RD SOUTH SIDE,-79.329261,43.837189
5720.0,ATTWELL DR AT DISCO RD NORTH SIDE,-79.609324,43.702454
5721.0,ATKINSON AVE AT CLARK AVE WEST,-79.440924,43.805029
5726.0,4400 DUFFERIN ST,-79.46634,43.765559
5729.0,150 NEPTUNE DR,-79.441202,43.729713
5730.0,211 THE WEST MALL,-79.559337,43.630067
5732.0,MCCOWAN RD AT WALKWAY TO ENCHANTED HILLS CRES,-79.275376,43.828786
5773.0,CHRISTIE ST AT MELITA AVE,-79.422121,43.673407
5778.0,WOODBINE AVE AT MILVERTON BLVD,-79.313974,43.688716
5790.0,JOHN GARLAND BLVD AT MARTIN GROVE RD EAST SIDE,-79.588505,43.73217
5794.0,OPPOSITE 2002-2012 SHEPPARD AVE WEST,-79.51671,43.738511
5799.0,2265 JANE ST,-79.510107,43.727526
5817.0,1300 ELLESMERE RD,-79.26445,43.769539
5820.0,110 MORNINGVIEW TRAIL,-79.199689,43.814985
5829.0,LAIRD DR AT LEA AVE,-79.361939,43.706229
5838.0,415 OAKDALE RD,-79.526886,43.749193
5849.0,MCCOWAN RD AT CASTLEMORE AVE,-79.29187,43.898403
5871.0,WARDEN AVE AT MAJOR MACKENZIE DR EAST,-79.343032,43.891683
5880.0,AIRPORT RD AT AMERICAN DR NORTH SIDE,-79.621901,43.689551
5881.0,AIRPORT RD AT NORTHWEST DR,-79.636345,43.698911
5917.0,ATKINSON AVE AT CAMPBELL CRES,-79.443114,43.811103
5953.0,BATHURST ST AT BLOOR ST WEST,-79.411065,43.665012
5971.0,WARDEN AVE AT 16TH AVE,-79.338917,43.874244
5976.0,MARKHAM RD AT PRINCESS ST,-79.258221,43.866576
5987.0,OPPOSITE 350 STEELES AVE WEST,-79.432906,43.795105
6002.0,3450 MIDLAND AVE,-79.290936,43.811542
6025.0,73 FIFESHIRE RD,-79.389056,43.758551
6035.0,MARKHAM RD AT PARKWAY AVE,-79.261443,43.881185
6036.0,MT PLEASANT RD AT LAWRENCE CRES,-79.396589,43.724756
6041.0,BLOOR ST WEST AT EAGLE RD EAST SIDE,-79.519755,43.645392
6052.0,COXWELL AVE AT DANFORTH AVE,-79.32377,43.683532
6056.0,1450 SHEPPARD AVE WEST,-79.488837,43.744388
6057.0,1515 ALBION RD (ALBION LIBRARY),-79.583663,43.740106
6063.0,20 NORELCO DR,-79.533297,43.762402
6066.0,61 MAYBROOK DR,-79.260369,43.823488
6070.0,849 BROADVIEW AVE,-79.35811,43.679214
6074.0,9275 MARKHAM RD,-79.264383,43.893776
6082.0,38 THORNCLIFFE PARK DR,-79.34446,43.702133
6104.0,NEW WESTMINSTER DR AT BEVERLEY GLEN BLVD,-79.45661,43.813935
6115.0,OPPOSITE 60 BELFIELD RD EAST SIDE,-79.56919,43.703369
6126.0,715 MILNER AVE (HONDA PLANT-WEST ENTRANCE),-79.210028,43.796035
6128.0,OPPOSITE 3200 PHARMACY AVE AT WALKWAY TO DEERBROOK TRAIL,-79.328794,43.800107
6154.0,OAKDALE RD AT WALKWAY TO HONEYWOOD RD,-79.525325,43.738716
6155.0,OPPOSITE 601 MILNER AVE,-79.223604,43.794012
6169.0,78 GULLIVER RD AT OPPOSITE GULLIVER PARK,-79.480374,43.698729
6172.0,2121 KINGSTON RD,-79.254485,43.700849
6177.0,PAPE AVE AT MINTON PL,-79.350853,43.694911
6187.0,MCCOWAN RD AT CASTLEMORE AVE,-79.292372,43.898895
6190.0,1710 MIDLAND AVE,-79.268423,43.760144
6202.0,OPPOSITE 1000 NEW WESTMINSTER DR,-79.455099,43.816059
6221.0,3008 KENNEDY RD,-79.299985,43.807615
6222.0,140 PLEASANT VIEW DR,-79.330497,43.785195
6229.0,WARDEN LOOP AT STEELES AVE EAST,-79.325087,43.82097
6233.0,425 ALLIANCE AVE,-79.486506,43.677459
6248.0,BRIDLE WALK AT DRAWBRIDGE DR,-79.308697,43.897354
6257.0,1801 O'CONNOR DR,-79.304155,43.720331
6271.0,120 BERMONDSEY RD,-79.313843,43.717989
6277.0,127 VICTORIA PARK AVE (NEIL MCNEIL SECONDARY SCHOOL),-79.283347,43.67933
6290.0,KINGSTON RD AT BROOKSIDE DR,-79.303837,43.677113
6295.0,OPPOSITE 2265 JANE ST,-79.510353,43.727438
6296.0,CASTLEMORE AVE AT RIDGECREST RD WEST SIDE,-79.303475,43.897223
6306.0,ROGERS RD AT PROSPECT CEMETERY,-79.454596,43.683485
6330.0,900 YORK MILLS RD,-79.350256,43.755228
6346.0,6793-6823 STEELES AVE WEST,-79.608566,43.756571
6353.0,130 MILNER AVE,-79.245565,43.785659
6366.0,525 MILNER AVE,-79.226421,43.792583
6384.0,ROYALCREST RD AT HIGHWAY 27,-79.609374,43.750044
6387.0,COLLEGE ST AT EUCLID AVE,-79.41145,43.655597
6411.0,MARKHAM RD AT DENISON ST,-79.253048,43.844673
6424.0,2036 PHARMACY AVE,-79.319296,43.779339
6433.0,900 THE EAST MALL,-79.572436,43.669572
6446.0,4150 MIDLAND AVE,-79.29622,43.823372
6450.0,MCCOWAN RD AT SOUTH UNIONVILLE AVE,-79.28314,43.861033
6462.0,46 NORELCO DR,-79.534096,43.765844
6483.0,50 CLAIREPORT CRES,-79.632487,43.745865
6484.0,DANFORTH AVE AT CAITHNESS AVE,-79.334596,43.681063
6490.0,STEELES AVE WEST AT WALKWAY EAST OF ISLINGTON TO PLUNKETT RD,-79.57122,43.764965
6491.0,3160 STEELES AVE EAST,-79.343803,43.815179
6492.0,340 THE EAST MALL,-79.557094,43.639147
6504.0,156 DUNCAN MILL RD,-79.355471,43.761758
6508.0,120 NUGGET AVE,-79.255542,43.793635
6509.0,MARKHAM RD AT JAMES SCOTT RD,-79.257991,43.866349
6514.0,NEW WESTMINSTER DR AT KATERINA AVE,-79.457406,43.811469
6536.0,2200 MARKHAM RD,-79.24389,43.808678
6540.0,876 BROADVIEW AVE,-79.358155,43.679749
6555.0,65 THORNCLIFFE PARK DR,-79.341197,43.70364
6558.0,MCCOWAN RD AT HIGHGLEN AVE,-79.278782,43.845655
6561.0,150 BRIDGELAND AVE,-79.464062,43.725465
6566.0,1300 ISLINGTON AVE,-79.525833,43.649884
6571.0,MORNING STAR DR AT NETHERWOOD RD,-79.645872,43.715993
6582.0,GUILDWOOD PKWY AT GUILD INN EAST SIDE,-79.193456,43.748725
6583.0,160 CARRIER DR,-79.613749,43.741681
6586.0,120 MCLEVIN AVE,-79.235123,43.801922
6589.0,4420 CHESSWOOD DR,-79.478103,43.761014
6602.0,MCCOWAN RD AT HIGHGLEN AVE SOUTH SIDE,-79.279276,43.846045
6609.0,2215 STEELES AVE WEST,-79.477801,43.785318
6630.0,PHARMACY AVE AT WALKWAY TO ECCLESFIELD DR,-79.332875,43.809041
6635.0,MCCOWAN RD AT BULLOCK DR - CENTENNIAL GO STATION,-79.285637,43.872507
6636.0,HIGH PARK AVE AT DUNDAS ST WEST,-79.47009,43.665068
6651.0,BIRCHMOUNT RD AT HIGHWAY 401 (WALKWAY NORTH OF ROLARK),-79.294137,43.771792
6660.0,52 THORNCLIFFE PARK DR,-79.341735,43.703398
6670.0,709 MILNER AVE,-79.213776,43.796035
6683.0,4600 BATHURST ST,-79.44037,43.762602
6685.0,143 CHURCH ST,-79.513771,43.707312
6702.0,OPPOSITE 38 CARNFORTH RD,-79.315925,43.739168
6724.0,STEELES AVE EAST AT WALKWAY TO ENCHANTED HILLS CRES,-79.27779,43.830278
6737.0,BAY ST AT GROSVENOR ST,-79.386557,43.662647
6747.0,20 RAILSIDE RD,-79.320703,43.73938
6750.0,755 OAKDALE RD,-79.526044,43.753125
6751.0,BELFIELD RD AT C. N. WEST SPUR,-79.583103,43.700268
6755.0,STEELES AVE EAST AT ACADIA AVE WEST SIDE,-79.327385,43.819088
6777.0,6655 AIRPORT RD,-79.632365,43.696429
6781.0,BRIMLEY RD AT DANJOHN CRES (NORTH),-79.280443,43.812904
6788.0,75 MILNER AVE,-79.25133,43.784021
6789.0,BLOOR ST WEST AT ST GEORGE ST,-79.399986,43.667383
6828.0,4717 JANE ST,-79.520801,43.771191
6833.0,STEELES AVE EAST AT ACADIA AVE,-79.327679,43.818757
6835.0,1234 DUPONT ST,-79.44172,43.66824
6853.0,400 DANFORTH RD (BIRCHMOUNT GARAGE),-79.269294,43.705338
6861.0,280 YORKLAND BLVD (NORTH),-79.333911,43.77336
6862.0,32 CARLUKE CRES,-79.390001,43.760901
6863.0,DISCO RD AT BROCKPORT RD WEST SIDE,-79.590215,43.702435
6875.0,MCCOWAN RD AT 14TH AVE,-79.279491,43.84887
6878.0,2980 DONMILLS RD,-79.352329,43.78231
6890.0,OPPOSITE 215 HORNER AVE,-79.517485,43.607917
6894.0,QUEENS PLATE DR (EAST) AT REXDALE BLVD,-79.59301,43.717729
6908.0,OPPOSITE 709 MILNER AVE,-79.21391,43.796148
6934.0,OPPOSITE 451 THE WEST MALL,-79.567951,43.64707
6935.0,MCCOWAN RD AT MANHATTAN DR,-79.288247,43.881911
6943.0,ROYWOOD DR AT MARBURY CRES (EAST) EAST SIDE,-79.33345,43.764386
6950.0,BLOOR ST WEST AT OAKMOUNT RD,-79.462862,43.653981
6989.0,ATKINSON AVE AT ROSEDALE HEIGHTS DR (NORTH),-79.450148,43.817483
7010.0,20 LESMILL RD,-79.352929,43.756615
7019.0,60 BELFIELD RD,-79.569311,43.703524
7027.0,FINCH AVE EAST AT MIDBLOCK EAST OF PHARMACY AVE,-79.32286,43.794952
7040.0,MARKHAM RD AT ELSON ST,-79.251667,43.840339
7067.0,1315 MORNINGSIDE AVE,-79.20091,43.805598
7073.0,370 NORFINCH DR,-79.531849,43.770049
7079.0,20 GRAYDON HALL DR,-79.345295,43.762983
7080.0,OPPOSITE 4400 DUFFERIN ST,-79.465972,43.765369
7087.0,MARKHAM RD AT WALKWAY TO CLANDFIELD ST,-79.256305,43.859253
7112.0,115 NORFINCH DR,-79.529072,43.761455
7135.0,AIRPORT RD AT RIPON ST SOUTH SIDE,-79.645322,43.705848
7136.0,BROCKPORT DR AT BELFIELD RD NORTH SIDE,-79.587936,43.699977
7145.0,WARDEN AVE AT CACHET PKWY (SOUTH),-79.342407,43.888522
7152.0,400 OAKDALE RD,-79.526987,43.74881
7153.0,7074 WARDEN AVE AT PLAZA NORTH OF STEELES,-79.324926,43.82202
7155.0,MORNINGSIDE AVE AT OPPOSITE MORNINGSIDE PARK,-79.19135,43.780882
7163.0,ATKINSON AVE AT CENTRE ST,-79.443473,43.812489
7165.0,140 COMMANDER BLVD,-79.268618,43.794904
7173.0,400 ROCKCLIFFE BLVD (ROCKCLIFFE MIDDLE SCHOOL),-79.488405,43.674444
7181.0,131 OAKDALE RD,-79.525905,43.742731
7182.0,BATHURST ST AT CHABAD GATE,-79.447256,43.799281
7191.0,EGLINTON AVE WEST AT WALKWAY TO LEMONWOOD DR,-79.516898,43.683512
7197.0,BATHURST ST AT KING ST WEST,-79.402522,43.643664
7216.0,LESLIE ST AT MARSHFIELD CRT,-79.355219,43.732103
7221.0,PEARSON AIRPORT TERMINAL 1 (GROUND LEVEL COLUMN R4),-79.611041,43.681739
7224.0,1611 THE QUEENSWAY,-79.543869,43.616891
7241.0,1155 ALBION RD,-79.568196,43.737594
7247.0,FORTHBRIDGE CRES AT CALVINGTON DR,-79.504181,43.727781
7250.0,4050 CHESSWOOD DR,-79.477164,43.758167
7255.0,4800 JANE ST,-79.521004,43.77108
7290.0,LAWRENCE AVE EAST AT STOTTS TERR,-79.128003,43.782983
7291.0,MARKHAM RD AT NEW DELHI DR,-79.253436,43.847626
7296.0,OPPOSITE 65 PASSMORE AVE,-79.300258,43.819548
7332.0,OPPOSITE 3370 PHARMACY AVE,-79.331356,43.805715
7333.0,OPPOSITE 50 BETH NEALSON DR,-79.345733,43.711723
7349.0,ROYAL YORK RD AT NEWCASTLE ST SOUTH SIDE,-79.498777,43.616909
7366.0,MCCOWAN RD AT MILLIKEN WELLS PLAZA,-79.275465,43.825587
7371.0,MCCOWAN RD AT HIGHWAY 7,-79.284786,43.867349
7373.0,WARDEN AVE AT GIBSON DR,-79.32576,43.824064
7375.0,STEELES AVE EAST AT OPPOSITE WALKWAY TO NORM CRES,-79.269844,43.832127
7386.0,800 WARDEN AVE,-79.286773,43.725218
7398.0,1275 MORNINGSIDE AVE,-79.200051,43.803431
7399.0,BIRCHMOUNT RD AT HARVEST MOON DR,-79.317854,43.823801
7423.0,185 GRAYDON HALL DR,-79.342218,43.764226
7434.0,34 RIVALDA RD,-79.534962,43.737167
7451.0,299 NORFINCH DR,-79.531258,43.768397
7456.0,105 IRONSIDE CRES,-79.246914,43.828637
7461.0,THE ESPLANADE AT CHURCH ST,-79.373368,43.647139
7470.0,MARKHAM RD AT BULLOCK DR,-79.26167,43.88138
7489.0,WARDEN AVE AT DENISON ST NORTH SIDE,-79.326516,43.827921
7495.0,601 MILNER AVE,-79.223153,43.793966
7504.0,FLEET ST AT FORT YORK BLVD,-79.406607,43.636444
7513.0,LAWRENCE EAST STATION,-79.270405,43.750296
7515.0,MARKHAM RD AT EDWARD JEFFREYS AVE,-79.26493,43.896321
7533.0,1216 LANSDOWNE AVE,-79.449421,43.673282
7540.0,OPPOSITE 3400 KEELE ST,-79.48704,43.747916
7565.0,MARTIN GROVE RD AT WALKWAY TO 308 SILVERSTONE DR,-79.597892,43.749189
7580.0,225 REXDALE BLVD,-79.574622,43.712216
7586.0,BATHURST ST AT CN RAIL BRIDGE (NORTH OF CRESTWOOD RD),-79.44669,43.796726
7599.0,BIRCHMOUNT RD AT RISEBOROUGH AVE (SOUTH),-79.318211,43.824208
7606.0,ATKINSON AVE AT ROSEDALE HEIGHTS DR (SOUTH),-79.443633,43.813694
7607.0,OPPOSITE 700 ARROW RD,-79.529314,43.745407
7619.0,MAJOR MACKENZIE DR EAST AT RIDGECREST RD,-79.304807,43.900657
7639.0,QUEEN ST WEST AT STRACHAN AVE,-79.413052,43.645421
7641.0,10 DISCO RD,-79.592678,43.701867
7647.0,OPPOSITE 1792 BIRCHMOUNT RD,-79.291272,43.765676
7653.0,BIRCHMOUNT RD AT OPPOSITE WALKWAY TO AMBERCROFT BLVD,-79.313425,43.813928
7657.0,3370 PHARMACY AVE,-79.331609,43.805754
7659.0,NEILSON RD AT MALVERN TOWN CENTRE (EAST ENTRANCE),-79.219949,43.8079
7670.0,BIRCHMOUNT RD AT DENISON ST,-79.318648,43.832649
7671.0,PAPE AVE AT MINTON PL SOUTH SIDE,-79.350923,43.694551
7673.0,BIRCHMOUNT RD AT OPPOSITE WALKWAY TO RIVER GROVE DR,-79.315416,43.818437
7697.0,375 NORFINCH DR,-79.531686,43.770165
7702.0,47 INGRAM DR,-79.472622,43.700063
7713.0,AIRPORT RD AT NORTHWEST DR,-79.635642,43.698901
7741.0,OPPOSITE 1685 FINCH AVE WEST (ST WILFREDS SCHOOL),-79.503238,43.760411
7747.0,6807 STEELES AVE WEST,-79.611033,43.756036
7760.0,800 ROYAL YORK RD,-79.508702,43.63922
7765.0,2002-2012 SHEPPARD AVE WEST,-79.516709,43.738711
7771.0,5450 LAWRENCE AVE EAST,-79.138641,43.779233
7773.0,OPPOSITE 111 DISCO RD (WEST DETENTION CENTRE),-79.599302,43.700349
7779.0,OPPOSITE 25 KODIAK CRES,-79.46622,43.754066
7783.0,WARDEN AVE AT GLENBOURNE PARK DR NORTH SIDE,-79.34063,43.882274
7791.0,BRIMLEY RD AT DANJOHN CRES (NORTH) SOUTH SIDE,-79.280655,43.812873
7800.0,MARKHAM RD AT RAMONA BLVD - MARKHAM GO STATION,-79.261817,43.88287
7816.0,60 PARK LANE CIR,-79.367119,43.729346
7817.0,OPPOSITE 225 CARRIER DR,-79.615811,43.749175
7830.0,QUEEN ST WEST AT BEATY AVE,-79.441272,43.639599
7862.0,75 NORFINCH DR,-79.528818,43.759874
7889.0,75 TANDRIDGE CRES,-79.546,43.728963
7893.0,WOODBINE AVE AT COSBURN AVE,-79.31622,43.698342
7899.0,QUEEN ST WEST AT PALMERSTON AVE,-79.406434,43.646763
7900.0,480 GORDON BAKER RD,-79.345222,43.809298
7925.0,YORKDALE RD AT YORKDALE MALL (NORTH ENTRANCE),-79.453438,43.728242
7930.0,MCCOWAN RD AT RAYMERVILLE DR (NORTH),-79.28777,43.881381
7938.0,OPPOSITE 685 FINCH AVE WEST (ST BERNARDS),-79.457455,43.771053
7944.0,2040 DON MILLS RD,-79.347344,43.763142
7948.0,SHEPPARD AVE EAST AT WALKWAY TO HOWELL SQ,-79.22322,43.797075
7951.0,SHEPPARD AVE EAST AT WALKWAY TO HUTCHERSON SQ,-79.220076,43.797687
7955.0,31 RAILSIDE RD,-79.32076,43.739136
7958.0,BATHURST ST AT CN RAIL BRIDGE (NORTH OF CRESTWOOD RD),-79.446842,43.796714
7971.0,WARDEN AVE AT APARTMENTS (SOUTH OF FINCH),-79.315109,43.794836
7977.0,BLOOR ST WEST AT RIVERSIDE DR (NORTH),-79.490491,43.648056
8016.0,BATHURST ST AT CLARK AVE WEST SOUTH SIDE,-79.448396,43.8029
8020.0,35 THORNCLIFFE PARK DR,-79.344381,43.701905
8024.0,4069 CHESSWOOD DR,-79.476886,43.758252
8039.0,OPPOSITE 955 MIDDLEFIELD RD,-79.267166,43.830882
8044.0,EVANS AVE AT ISLINGTON AVE WEST SIDE,-79.51288,43.618229
8052.0,OPPOSITE 3471 MCNICOLL AVE,-79.254543,43.822752
8060.0,MARKHAM RD AT GOLDEN AVE,-79.253938,43.848191
8061.0,PHARMACY AVE AT OPPOSITE WALKWAY TO CRAYFORD DR,-79.335235,43.813902
8065.0,OPPOSITE 1686 ALBION RD,-79.597507,43.742378
8080.0,4979 BATHURST ST,-79.443268,43.775615
8087.0,WARDEN AVE AT BRIDGE TO MARKHAM THEATRE,-79.334685,43.858114
8098.0,OPPOSITE 2278 BRIMLEY RD,-79.272467,43.796697
8124.0,2121 MARKHAM RD,-79.24369,43.806625
8127.0,STEELES AVE WEST AT YONGE ST (CENTERPOINT MALL),-79.422816,43.797286
8128.0,80 COE HILL DR,-79.472043,43.640484
8142.0,OPPOSITE 100 CARRIER DR,-79.612839,43.739311
8143.0,19 PARK LANE CIR,-79.375792,43.735003
8147.0,OPPOSITE 1450 DON MILLS RD,-79.346954,43.752754
8168.0,MCCOWAN RD AT 14TH AVE,-79.279883,43.849399
8183.0,633 SILVER STAR BLVD,-79.299559,43.822338
8194.0,BELFIELD RD AT C. N. WEST SPUR,-79.583628,43.699972
8195.0,4515 SHEPPARD AVE EAST,-79.264728,43.788276
8197.0,WARDEN AVE AT GLENCOVE DR,-79.334719,43.859654
8208.0,1111 FINCH AVE WEST,-79.474414,43.767047
8209.0,2239 LAWRENCE AVE EAST,-79.277949,43.74876
8220.0,MCCOWAN RD AT 14TH AVE NORTH SIDE,-79.279674,43.850231
8224.0,ORIOLE PKWY AT DUGGAN AVE,-79.401365,43.692732
8253.0,80 PROGRESS AVE,-79.275892,43.771997
8261.0,LAWRENCE AVE EAST AT OPPOSITE CEDARBRAE MALL,-79.230855,43.758785
8269.0,QUEEN ST WEST AT AUGUSTA AVE,-79.399869,43.647951
8271.0,451 WEST MALL,-79.567698,43.646775
8272.0,MARKHAM RD AT HIGHWAY 7,-79.259546,43.873549
8274.0,COLLEGE ST AT EUCLID AVE,-79.411298,43.655822
8297.0,MAJOR MACKENZIE DR EAST AT MCCOWAN RD,-79.293772,43.903281
8309.0,1300 LESLIE ST,-79.355501,43.731982
8318.0,1700 WILSON AVE (SHERIDAN MALL),-79.510931,43.720552
8325.0,BLOOR ST WEST AT INDIAN RD,-79.457156,43.655222
8326.0,OPPOSITE 4345 BLOOR ST WEST,-79.577346,43.631124
8335.0,OPPOSITE 3450 MIDLAND AVE,-79.290787,43.811696
8351.0,MIDLAND AVE AT SALOME DR,-79.276398,43.781639
8353.0,EGLINTON AVE WEST AT WALKWAY TO EMMETT AVE,-79.508136,43.684593
8359.0,209 CARRIER DR,-79.615107,43.747234
8371.0,BIRCHMOUNT RD AT BIBURY GATE,-79.317494,43.829409
8410.0,KEELE ST AT BLOOR ST WEST,-79.460163,43.654872
8418.0,QUEEN ST WEST AT CLAREMONT ST,-79.409404,43.646157
8428.0,THE ESPLANADE AT FREDERICK ST,-79.369058,43.648571
8440.0,ROGERS RD AT PROSPECT CEMETERY,-79.45434,43.683669
8448.0,STEELES AVE EAST AT WALKWAY TO NORM CRES,-79.270029,43.832317
8453.0,145 CARRIER DR,-79.613925,43.741627
8475.0,168 BRIDGELAND AVE,-79.465374,43.725168
8479.0,2677 KIPLING AVE,-79.58462,43.74884
8482.0,1995 EGLINTON AVE EAST,-79.28281,43.728765
8487.0,ATKINSON AVE AT RODEO DR,-79.442506,43.808739
8491.0,685 FINCH AVE WEST,-79.456814,43.770935
8492.0,MCCOWAN RD AT COLERAINE AVE,-79.276865,43.838225
8495.0,OPPOSITE 1915 MARTIN GROVE RD,-79.596357,43.746054
8496.0,INTERNATIONAL BLVD AT GALAXY BLVD,-79.585698,43.678068
8498.0,OPPOSITE 385-387 CARLINGVIEW DR,-79.599829,43.695983
8518.0,SHEPPARD AVE EAST AT OPPOSITE WALKWAY TO HUTCHERSON SQ,-79.220056,43.797514
8541.0,OPPOSITE 636 FINCH AVE EAST (PLAZA),-79.380413,43.787498
8556.0,RIDGECREST RD AT WILTSHIRE DR,-79.303632,43.89876
8559.0,3325 WARDEN AVE,-79.324383,43.814261
8570.0,195 REXLEIGH DR,-79.305535,43.704609
8587.0,BIRCHMOUNT RD AT HIGHGATE DR,-79.317593,43.826312
8592.0,426 ELLESMERE RD,-79.297487,43.762102
8600.0,2350 BAYVIEW AVE (THE GRANITE CLUB),-79.381593,43.734133
8604.0,MCCOWAN RD AT HERITAGE RD,-79.284966,43.869608
8605.0,MCCOWAN RD AT 16TH AVE SOUTH SIDE,-79.288871,43.884643
8609.0,1315 AND 1319 NEILSON RD,-79.219558,43.807848
8611.0,5600 FINCH AVE EAST,-79.240113,43.813699
8612.0,VICTORY CRES AT MCNAUGHTON AVE,-79.644832,43.708724
8616.0,OPPOSITE 1315 MORNINGSIDE AVE,-79.201285,43.805736
8622.0,MCCOWAN RD AT DENISON ST,-79.277741,43.841354
8629.0,BLOOR ST EAST AT JARVIS ST,-79.380383,43.671706
8639.0,BLOOR ST WEST AT BRUNSWICK AVE,-79.407548,43.665819
8656.0,TRETHEWEY DR AT MARTHA EATON WAY,-79.489323,43.696035
8659.0,2793 VICTORIA PARK AVE,-79.326261,43.78242
8663.0,55 BRIDGELAND AVE,-79.460272,43.726343
8686.0,QUEEN ST WEST AT SHAW ST,-79.416155,43.64479
8689.0,FINCH AVE EAST AT WALKWAY EAST OF BIRCHMOUNT RD,-79.303501,43.799488
8703.0,630 THE EAST MALL,-79.566517,43.656784
8715.0,4242 DUNDAS ST WEST (KINGSWAY MILLS PLAZA),-79.513305,43.659653
8721.0,1148 BELLAMY RD NORTH,-79.243197,43.778161
8749.0,WARDEN AVE AT MAJOR MACKENZIE DR EAST SOUTH SIDE,-79.343172,43.891406
8761.0,5010 STEELES AVE WEST,-79.593025,43.759485
8766.0,441 ELLESMERE RD,-79.297639,43.761781
8772.0,GREENWOOD AVE AT TORBRICK RD SOUTH SIDE,-79.330173,43.675882
8777.0,145 DYNAMIC DR,-79.252357,43.828039
8786.0,430 TAPSCOTT RD,-79.23499,43.809065
8814.0,2650 ST CLAIR AVE WEST,-79.496526,43.666626
8816.0,46 OVERLEA BLVD,-79.34627,43.706973
8824.0,95 COMMANDER BLVD,-79.266658,43.793527
8828.0,501 CONSUMERS RD,-79.327515,43.770613
8845.0,WARDEN AVE AT ENTERPRISE BLVD,-79.331592,43.848286
8849.0,2216 LAWRENCE AVE EAST,-79.279522,43.748715
8866.0,MCNICOLL LOOP AT KENNEDY RD,-79.298011,43.813424
8872.0,MARKHAM RD AT BUR OAK AVE,-79.265771,43.900026
8896.0,3600 STEELES AVE WEST,-79.538315,43.77211
8904.0,44 THORNCLIFFE PARK DR,-79.342715,43.702448
8912.0,3689 WESTON RD,-79.544763,43.762893
8923.0,CEDARVALE AVE AT STAN WADLOW PARK,-79.316375,43.698314
8925.0,244 THE WEST MALL,-79.560393,43.631997
8950.0,1299 ELLESMERE RD,-79.26411,43.769344
8963.0,FINCH AVE EAST AT MIDBLOCK EAST OF PHARMACY AVE,-79.323292,43.795052
8965.0,OAK ST AT ROADWAY TO PIGGOTT MEWS,-79.530743,43.708296
8974.0,OPPOSITE 430 TAPSCOTT RD (WALKWAY TO TUNMEAD SQUARE),-79.23493,43.80948
8978.0,1801-1821 ALBION RD,-79.611856,43.744939
9010.0,OPPOSITE 185 GRAYDON HALL DR,-79.342106,43.764325
9012.0,BLOOR ST WEST AT MANNING AVE,-79.416138,43.663979
9015.0,4359 JANE ST,-79.519111,43.764049
9033.0,3447 KENNEDY RD,-79.305678,43.821059
9044.0,BIRCHMOUNT RD AT RISEBOROUGH AVE (NORTH),-79.317703,43.826823
9070.0,100 BRIDGELAND AVE,-79.461156,43.726123
9078.0,HARBORD ST AT MANNING AVE,-79.414566,43.660607
9080.0,545 TRETHEWEY DR,-79.488529,43.695497
9088.0,OPPOSITE 625 FINCH AVE WEST,-79.454303,43.771704
9091.0,BLOOR ST EAST AT JARVIS ST,-79.38077,43.671464
9092.0,MCCOWAN RD AT SOUTHDALE DR SOUTH SIDE,-79.284087,43.86503
9097.0,OPPOSITE 215 CARLINGVIEW DR,-79.594033,43.683178
9099.0,4610 DUFFERIN ST,-79.467924,43.77216
9107.0,3400 KEELE ST,-79.487209,43.747616
9112.0,3042 KEELE ST,-79.485188,43.739337
9113.0,FINCH AVE EAST AT OPPOSITE WALKWAY EAST OF BIRCHMOUNT RD,-79.303031,43.799792
9121.0,ORIOLE PKWY AT LONSDALE RD NORTH SIDE,-79.400928,43.69155
9139.0,SHEPPARD AVE EAST AT WALKWAY TO MURISON BLVD,-79.203406,43.801068
9143.0,QUEEN ST EAST AT KINGSTON RD,-79.312137,43.667398
9145.0,1415 MORNINGSIDE AVE,-79.203418,43.810785
9146.0,BLOOR ST WEST AT WINDERMERE AVE,-79.480567,43.65008
9147.0,150 MURISON BLVD,-79.204657,43.800154
9149.0,BRIMLEY RD AT BRIMLEY WOODS PARK,-79.278836,43.80931
9150.0,BLOOR ST WEST AT SHAW ST,-79.423134,43.662583
9154.0,5373 FINCH AVE EAST,-79.250966,43.811161
9172.0,240 REXDALE BLVD,-79.577655,43.713177
9177.0,3381 STEELES AVE EAST,-79.344182,43.81478
9202.0,75 THORNCLIFFE PARK DR,-79.341952,43.70495
9212.0,OPPOSITE 1111 FINCH AVE WEST,-79.475169,43.767126
9213.0,STEELES AVE WEST AT GAUDAUR RD EAST SIDE,-79.56018,43.767387
9214.0,6030 BATHURST ST,-79.446634,43.787654
9217.0,GLENORCHY RD AT ROYAL OAK DR,-79.364252,43.726897
9223.0,166 TORYORK DR,-79.556268,43.759064
9237.0,RICHCREST RD AT MAJOR MACKENZIE DR EAST SOUTH SIDE,-79.304527,43.900348
9241.0,MARKHAM RD AT 14TH AVE,-79.255581,43.856591
9251.0,FLEMINGTON RD AT STOCKTON RD,-79.449408,43.72094
9253.0,PHARMACY AVE AT GLENDINNING AVE,-79.333693,43.810854
9257.0,328 THE WEST MALL,-79.563759,43.637279
9275.0,OPPOSITE 209 CARRIER DR,-79.614869,43.747076
9281.0,WARDEN AVE AT HIGHWAY 7,-79.334113,43.855913
9285.0,WARDEN AVE AT MASSEYFIELD GATE,-79.325363,43.823658
9296.0,1530 ALBION RD (ALBION MALL),-79.585511,43.740641
9300.0,KINGSTON RD AT WAVERLEY RD,-79.304185,43.676824
9317.0,LAKE SHORE BLVD WEST AT TWENTY SIXTH ST,-79.524268,43.596668
9332.0,1183 FINCH AVE WEST,-79.483034,43.765108
9340.0,625 FINCH AVE WEST,-79.454512,43.771463
9352.0,OPPOSITE 2311 - 2319 MCNICOLL AVE,-79.289876,43.81463
9354.0,EGLINTON AVE WEST AT WALKWAY TO RANGOON RD,-79.577739,43.670474
9365.0,3395 WESTON RD,-79.541201,43.747195
9372.0,MCCOWAN RD AT WALKWAY TO HISTORIC TERR,-79.272839,43.820193
9401.0,24 DAVEAN DR,-79.36752,43.762073
9405.0,955 MIDDLEFIELD RD,-79.266838,43.830694
9408.0,555 SHEPPARD AVE WEST,-79.435093,43.756023
9410.0,OPPOSITE 2036 PHARMACY AVE,-79.319082,43.779418
9412.0,8601 WARDEN AVE,-79.334237,43.857684
9418.0,MILL RD AT MARKLAND DR NORTH SIDE (SILVERTHORNE C.I.),-79.580761,43.636821
9429.0,ANGUS GLEN COMMUNITY CENTRE LOOP AT MAJOR MACKENZIE DR EAST,-79.337402,43.894614
9437.0,GUILDWOOD PKWY AT CHANCERY LANE,-79.197076,43.747927
9454.0,724 CALEDONIA RD,-79.464052,43.700507
9455.0,191 NUGGET AVE,-79.253156,43.794928
9462.0,1200 HUNTINGWOOD DR,-79.277466,43.798207
9486.0,DANFORTH AVE AT MONARCH PARK AVE,-79.327268,43.68248
9507.0,5 SHEFFIELD ST,-79.469982,43.703658
9509.0,4770 SHEPPARD AVE EAST,-79.253511,43.790858
9523.0,COLLEGE ST AT CRAWFORD ST,-79.419148,43.655048
9529.0,90 RAILSIDE RD,-79.324429,43.736108
9550.0,OPPOSITE 4600 BATHURST ST,-79.439959,43.762333
9551.0,220 TORYORK DR,-79.561117,43.761355
9556.0,POPE JOHN PAUL II S.S.,-79.199909,43.79059
9565.0,97 RAILSIDE RD,-79.324459,43.735906
9569.0,FENELON DR AT GRAYDON HALL DR SOUTH SIDE,-79.33904,43.763361
9571.0,MARKHAM RD AT THOMSON CRT,-79.259936,43.874837
9578.0,47 ORFUS RD,-79.460466,43.719368
9584.0,247 THE WEST MALL,-79.560219,43.632068
9596.0,255 DUNCAN MILL RD,-79.351627,43.761597
9610.0,BLOOR ST WEST AT GRENVIEW BLVD SOUTH EAST SIDE,-79.507789,43.648045
9617.0,STEELES AVE EAST AT OPPOSITE WALKWAY TO DAIRIS CRES,-79.28354,43.828963
9625.0,NEILSON RD AT WALKWAY TO BLACKWATER CRES & KESSACK CRT,-79.218183,43.799907
9646.0,FINCH AVE WEST AT ARNOTT AVE,-79.446508,43.773356
9658.0,COXWELL AVE AT DANFORTH AVE,-79.323439,43.683205
9667.0,85 DYNAMIC DR,-79.251498,43.824565
9679.0,BLOOR ST WEST AT WINDERMERE AVE,-79.48028,43.650327
9686.0,OPPOSITE 237 QUEENS PLATE DR (EAST),-79.595116,43.721784
9687.0,150 DISCO RD,-79.608085,43.701024
9695.0,FINCH AVE WEST AT OPPOSITE ALBION MALL,-79.587564,43.743183
9709.0,BLOOR ST WEST AT HAVELOCK ST,-79.432314,43.66057
9723.0,1330 MARTIN GROVE RD,-79.579926,43.711129
9724.0,STEELES AVE WEST AT WALKWAY TO CATHY JEAN CRES,-79.592962,43.759309
9769.0,YONGE BLVD AT RIDLEY BLVD,-79.411183,43.737438
9771.0,1222 PHARMACY AVE,-79.306796,43.748385
9778.0,150 DYNAMIC DR,-79.252608,43.828095
9801.0,DANFORTH AVE AT PATRICIA DR,-79.308823,43.686511
9822.0,OPPOSITE 6807 STEELES AVE WEST,-79.611243,43.756198
9837.0,7303 WARDEN AVE,-79.327016,43.830155
9840.0,OPPOSITE 5450 LAWRENCE AVE EAST,-79.13921,43.778899
9845.0,AIRPORT RD AT SILVER DART DR,-79.631147,43.695107
9857.0,MCCOWAN RD AT OPPOSITE WOODSIDE SQUARE MALL,-79.26781,43.810168
9862.0,BRENYON WAY AT WALKWAY TO LOWRY SQ,-79.208297,43.803485
9890.0,77 PROGRESS AVE,-79.276145,43.771549
9903.0,LAWRENCE AVE EAST AT BRIMFOREST GATE WEST SIDE,-79.133596,43.780361
9910.0,OPPOSITE 1700 WILSON AVE (SHERIDAN MALL),-79.510855,43.720358
9913.0,180 CALEDONIA RD,-79.456794,43.680034
9928.0,34 MOORE PARK AVE,-79.421983,43.793262
9948.0,100 STEELES AVE WEST,-79.424705,43.797152
9964.0,MARTIN GROVE RD AT SMITHFIELD PARK,-79.597251,43.748484
9967.0,AIRPORT RD AT HIGHWAY 427 (ON RAMP),-79.603557,43.686016
9982.0,3015 KENNEDY RD,-79.29975,43.807613
9992.0,138 OAKDALE RD,-79.526132,43.742964
10002.0,BLOOR ST WEST AT INDIAN RD,-79.456725,43.65548
10014.0,BATHURST ST AT WELLINGTON ST WEST,-79.402012,43.642578
10021.0,BLOOR ST WEST AT CLENDENAN AVE,-79.470107,43.652394
10023.0,135 LA ROSE AVE,-79.523068,43.685055
10027.0,250 FINCHDENE SQ,-79.234368,43.821102
10032.0,CLARK AVE WEST AT YORK HILL BLVD,-79.44469,43.804157
10056.0,SENLAC RD AT YORK CEMETERY,-79.424811,43.76448
10065.0,6101 BATHURST ST,-79.446244,43.787443
10070.0,800 KIPLING AVE,-79.530188,43.629254
10072.0,MCCOWAN RD AT CARLTON RD,-79.287113,43.877216
10074.0,OPPOSITE 60 PARK LANE CIR,-79.367231,43.729425
10079.0,PHARMACY AVE AT OPPOSITE WALKWAY TO ECCLESFIELD DR,-79.333027,43.808885
10087.0,AIRPORT RD AT JETLINER RD EAST SIDE,-79.606252,43.685805
10089.0,CHARLOTTE ST AT OXLEY ST,-79.394005,43.646564
10094.0,OPPOSITE 210 MILNER AVE,-79.240646,43.788313
10099.0,1125 LESLIE ST NORTH SIDE,-79.348915,43.725082
10101.0,OPPOSITE 7303 WARDEN AVE,-79.32738,43.830215
10102.0,QUEEN ST WEST AT BATHURST ST,-79.4037,43.647313
10107.0,MARKHAM RD AT 14TH AVE,-79.255878,43.856238
10108.0,BEECHGROVE DR AT BETHLEY DR SOUTH SIDE,-79.15907,43.768431
10182.0,LANSDOWNE AVE AT RIDEAU AVE SOUTH SIDE,-79.438986,43.646368
10183.0,CUMMER AVE AT FLEMING DR,-79.384901,43.794345
10200.0,2481 BIRCHMOUNT RD,-79.300657,43.787012
10221.0,BLOOR ST WEST AT HAVELOCK ST,-79.432505,43.660401
10239.0,MARKHAM RD AT 16TH AVE,-79.263892,43.891827
10246.0,366 THE EAST MALL,-79.558701,43.643546
10257.0,210 THE WEST MALL,-79.559422,43.629666
10275.0,7075 WARDEN AVE AT PLAZA NORTH OF STEELES,-79.325318,43.822212
10300.0,OPPOSITE 1710 MIDLAND AVE,-79.268255,43.760297
10356.0,BATHURST ST AT CORDOBA DR,-79.44639,43.794538
10357.0,24 MABELLE AVE,-79.526752,43.646229
10359.0,DANFORTH AVE AT GLEBEMOUNT AVE,-79.317806,43.684512
10366.0,MCNICOLL AVE AT OPPOSITE WALKWAY TO HAWKSHEAD CRES,-79.313688,43.807964
10368.0,MCCOWAN RD AT HIGHWAY 7,-79.284291,43.866966
10382.0,WARDEN AVE AT APPLE CREEK BLVD,-79.33516,43.860065
10383.0,DUNDAS ST WEST AT BROOKSIDE AVE,-79.494576,43.665632
10391.0,14 CARLUKE CRES,-79.391653,43.760454
10394.0,40 NORFINCH DR,-79.526962,43.757065
10404.0,791 ISLINGTON AVE,-79.510286,43.616802
10406.0,OPPOSITE 44 VALLEY WOODS RD,-79.333336,43.755229
10409.0,EGLINTON AVE WEST AT COMMERCE BLVD EAST SIDE,-79.590607,43.662754
10414.0,DANFORTH AVE AT WOODMOUNT AVE,-79.315142,43.685247
10416.0,WARDEN AVE AT CLEGG RD,-79.333614,43.853707
10426.0,3223 KENNEDY RD,-79.30302,43.815041
10430.0,WESTON RD AT BIRDSTONE CRES (NORTH),-79.469585,43.674271
10435.0,WARDEN AVE AT CLEGG RD,-79.333084,43.853265
10439.0,3750 MIDLAND AVE,-79.293069,43.816183
10442.0,3750 MIDLAND AVE,-79.292747,43.816015
10454.0,STEELES AVE EAST AT MARYDALE AVE,-79.254563,43.835698
10455.0,STEELES AVE EAST AT EASTVALE RD,-79.245033,43.83816
10464.0,5671 STEELES AVE EAST,-79.265322,43.83318
10465.0,STEELES AVE EAST AT OPPOSITE WALKWAY TO IRENEMOUNT CRES,-79.257864,43.83491
10469.0,BRIMLEY RD AT OPPOSITE BRIMLEY WOODS PARK,-79.278877,43.808919
10480.0,STEELES AVE EAST AT EASTVALE RD EAST SIDE,-79.244761,43.837997
12858.0,MICHAEL POWER / ST JOSEPH H.S.,-79.58283,43.65916
12864.0,CARL HALL RD AT INTERNAL ROADWAY (AEROSPACE MUSEUM),-79.476871,43.747446
12887.0,OPPOSITE 810 ROYAL YORK RD,-79.508461,43.639217
12888.0,5799 YONGE ST,-79.41663,43.784823
12897.0,OLD FINCH AVE AT HARVEST MOON DR,-79.209342,43.82041
12926.0,35 CARL HALL RD,-79.479816,43.746823
13982.0,41 TORBARRIE RD,-79.521918,43.721745
14047.0,120 INDUSTRY ST,-79.494006,43.693949
14061.0,STRACHAN AVE AT WELLINGTON ST WEST,-79.4113,43.640672
14075.0,600 CLAYSON RD,-79.528466,43.726557
14080.0,OPPOSITE 41 TORBARRIE RD,-79.522098,43.7217
14092.0,91 WESTMORE DR,-79.602241,43.737786
14103.0,NUNAVUT RD (HORSE PALACE),-79.416659,43.634699
14106.0,OPPOSITE 91 WESTMORE DR,-79.602388,43.737769
14165.0,COXWELL STATION,-79.322919,43.684079
14264.0,OSSINGTON STATION,-79.426607,43.662338
14265.0,OSSINGTON STATION,-79.426176,43.662437
14340.0,75 CARL HALL RD (THE HANGAR),-79.473958,43.747287
14347.0,LAKE SHORE BLVD WEST AT LEGION RD,-79.483763,43.620165
14366.0,MARTIN ROSS AVE AT ALNESS ST WEST SIDE,-79.4742,43.774145
14568.0,75 COSBURN AVE,-79.350945,43.688912
14601.0,90 CLAIREVILLE DR,-79.623932,43.73857
14602.0,OPPOSITE 90 CLAIRVILLE DR,-79.623938,43.738367
14603.0,OPPOSITE 61 CLAIREVILLE DR (BAPS TEMPLE),-79.624941,43.739935
14604.0,61 CLAIREVILLE DR (BAPS TEMPLE),-79.625047,43.739799
14607.0,18 HUDDERSFIELD DR,-79.623045,43.74285
14608.0,18 HUDDERSFIELD DR,-79.622952,43.742753
14612.0,STEELES AVE EAST AT MARYDALE AVE,-79.254107,43.83606
14637.0,COXWELL STATION,-79.322979,43.68397
14653.0,PRINCES BLVD AT NEWFOUNDLAND RD WEST SIDE (DIRECT ENERGY),-79.412826,43.633954
14690.0,OPPOSITE 1105 LESLIE ST,-79.350823,43.726786
14723.0,MORNINGSIDE AVE AT PLANTAIN WAY,-79.226349,43.82109
14730.0,1107 AVENUE RD (MARSHALL MCLUHAN SECONDARY SCHOOL),-79.409118,43.708037
14732.0,MORNINGSIDE AVE AT PLANTAIN WAY,-79.226547,43.820848
14758.0,270 WILSON AVE (NO FRILLS),-79.433218,43.737946
14768.0,WEST LODGE AVE AT MAY ROBINSON APARTMENTS,-79.435951,43.641943
14769.0,ST JOSEPH'S HEALTH CENTRE AT 30 THE QUEENSWAY,-79.450798,43.639439
14783.0,AIRPORT RD AT RIPON ST,-79.645349,43.706254
14784.0,MORNINGSTAR DR AT CAMBRETT DR,-79.645238,43.71728
14785.0,MORNINGSTAR DR AT CAMBRETT DR,-79.645283,43.717684
14793.0,86 FENMAR DR,-79.54699,43.758857
14795.0,174 FENMAR DR,-79.552574,43.761178
14828.0,FENELON LOOP AT GRAYDON HALL DR,-79.339098,43.763763
14927.0,OPPOSITE 3671 DUNDAS ST WEST,-79.49642,43.665792
14957.0,JETLINER RD AT AIRPORT RD SOUTH SIDE,-79.607181,43.685338
15009.0,MAJOR MACKENZIE DR EAST AT STONEBRIDGE DR,-79.299231,43.902225
15010.0,MAJOR MACKENZIE DR EAST AT STONEBRIDGE DR,-79.299976,43.901723
15028.0,VILLIERS ST AT MUNITION ST,-79.351575,43.647726
15045.0,215 CARLINGVIEW DR,-79.593797,43.683236
15050.0,BATHURST ST AT NIAGARA ST,-79.40203,43.642009
15051.0,BATHURST ST AT QUEEN ST WEST,-79.403831,43.64709
15069.0,CANADA BLVD AT PRINCES BLVD,-79.410178,43.635281
15071.0,SHEPPARD AVE EAST AT MIDLAND AVE,-79.279671,43.78523
15127.0,QUEEN ST EAST AT WOODFIELD RD,-79.32153,43.665141
15128.0,QUEEN ST EAST AT WOODFIELD RD,-79.321174,43.665353
15129.0,QUEEN ST EAST AT BELLEFAIR AVE,-79.299922,43.669987
15130.0,QUEEN ST EAST AT BELLEFAIR AVE,-79.299743,43.670148
15131.0,QUEEN ST WEST AT ST PATRICK ST,-79.388482,43.65048
15132.0,QUEEN ST WEST AT TRILLER AVE,-79.443874,43.639092
15133.0,QUEEN ST EAST AT ELMER AVE,-79.303645,43.669159
15135.0,QUEEN ST EAST AT GLEN MANOR DR,-79.292818,43.671493
15138.0,QUEEN ST EAST AT BEECH AVE,-79.287448,43.672733
15139.0,QUEEN ST EAST AT SUDBURY ST,-79.427345,43.642398
15140.0,KINGSTON RD AT GLEN MANOR DR,-79.293952,43.679904
15141.0,KINGSTON RD AT WOODBINE AVE,-79.307787,43.674156
15143.0,KING ST EAST AT ONTARIO ST,-79.366167,43.651647
15145.0,KING ST WEST AT JOE SHUSTER WAY,-79.423721,43.639591
15146.0,DUNDAS ST WEST AT MANNING AVE,-79.411029,43.651197
15147.0,DUNDAS ST WEST AT MANNING AVE,-79.410818,43.651375
15148.0,DUNDAS ST WEST AT SHAW ST,-79.418123,43.649911
15149.0,GERRARD ST EAST AT WOODFIELD RD,-79.323676,43.671946
15152.0,BLOOR ST WEST AT BROCK AVE,-79.439249,43.658989
15153.0,BLOOR ST WEST AT BROCK AVE,-79.439035,43.65917
15193.0,MAJOR MACKENZIE DR EAST AT MARKHAM RD,-79.26846,43.90975
15194.0,MAJOR MACKENZIE DR EAST AT RALPH CHALMERS AVE,-79.273055,43.908417
15203.0,CASTLEMORE AVE AT MARKHAM RD WEST SIDE,-79.268,43.9043
15204.0,CASTLEMORE AVE AT FRED MCLAREN BLVD,-79.27295,43.902812
15205.0,CASTLEMORE AVE AT MINGAY AVE,-79.276284,43.901774
15206.0,MINGAY AVE AT FRED MCLAREN BLVD,-79.276826,43.903825
15207.0,MINGAY AVE AT MAJOR MACKENZIE DR EAST,-79.277939,43.90725
15225.0,BIRCHMOUNT RD AT FOURTEENTH AVE,-79.320184,43.839713
15226.0,BIRCHMOUNT RD AT CITIZEN CRT,-79.321191,43.841984
15227.0,BIRCHMOUNT RD AT ENTERPRISE BLVD,-79.324444,43.84908
15228.0,BIRCHMOUNT RD AT VERCLAIRE GT,-79.325197,43.851612
15229.0,BIRCHMOUNT RD AT ROUGESIDE PROM,-79.323797,43.855959
15232.0,BIRCHMOUNT RD AT ROUGESIDE PROM SOUTH SIDE,-79.324092,43.855767
15233.0,BIRCHMOUNT RD AT VERCLAIRE GT,-79.325465,43.852091
15234.0,BIRCHMOUNT RD AT ENTERPRISE BLVD,-79.325046,43.849554
15235.0,BIRCHMOUNT RD AT ROYAL CREST CRT,-79.321578,43.842307
15244.0,SHEPPARD AVE WEST AT ABRAHAM WELSH RD EAST SIDE,-79.533297,43.7347
15267.0,8600 MCCOWAN RD,-79.286079,43.874177
15269.0,5799 YONGE ST,-79.416634,43.784935
15270.0,MARKHAM RD AT CASTLEMORE AVE,-79.267147,43.904472
15361.0,BATHURST ST AT BLOOR ST W,-79.411347,43.665235
15390.0,MT PLEASANT RD AT ROEHAMPTON AVE,-79.390743,43.709704
15391.0,BAYVIEW AVE AT NESBITT DR,-79.366577,43.694087
15392.0,MIDDLEFIELD RD AT ARBOR LOW GATE,-79.258298,43.81158
15393.0,MIDDLEFIELD RD AT COMPASS CRT,-79.257,43.801785
15394.0,BAYVIEW AVE AT BAYVIEW MEWS,-79.388828,43.769522
15395.0,480 RATHBURN RD,-79.575634,43.652398
15396.0,475 RATHBURN RD,-79.574833,43.652416
15400.0,MARKHAM RD AT GREENHOLM CIRCUIT,-79.226054,43.762077
15415.0,ROYAL YORK RD AT THE WESTWAY SOUTH SIDE,-79.532686,43.695776
15454.0,HIGHWAY 7 AT BIRCHMOUNT RD,-79.324674,43.857789
15458.0,ROUGESIDE PROMENADE AT UPTOWN DR,-79.324966,43.856309
15459.0,UPTOWN DR AT HIGHWAY 7,-79.32581,43.8574
15460.0,BIRCHMOUNT RD AT ROUGESIDE PROMENADE,-79.324105,43.856434
15467.0,THE ESPLANADE AT YONGE ST,-79.37637,43.645867
15468.0,THE ESPLANADE AT CHURCH ST WEST SIDE,-79.37365,43.647131
15469.0,KEELE ST AT NORTH PARK DR,-79.478465,43.711071
15474.0,9600 MCCOWAN RD,-79.291073,43.893806
15475.0,RENFORTH STATION,-79.590572,43.66359
15477.0,MCCOWAN RD AT PERCY REESOR ST,-79.292549,43.901152
15478.0,MCCOWAN RD AT PERCY REESOR ST,-79.292744,43.900703
15479.0,UNIVERSITY AVE AT DUNDAS ST WEST SOUTH SIDE (ST PATRICK STATION),-79.388289,43.654527
15663.0,MAJOR MACKENZIE DR AT MCCOWAN RD WEST SIDE,-79.294134,43.903427
15664.0,MCCOWAN RD AT WALKWAY TO SNOWDEN CIRCLE,-79.286562,43.875011
15680.0,ST BASIL THE GREAT COLLEGE SCHOOL,-79.533818,43.726819
15681.0,RENFORTH STATION,-79.590482,43.663613
15683.0,WOODBINE AVE AT MERRILL AVE SOUTH SIDE,-79.311762,43.683007
15684.0,WOODBINE AVE AT MERRILL AVE,-79.311673,43.683321
15685.0,ST CLAIR WEST STATION,-79.415609,43.684297
15686.0,QUEEN ST WEST AT ABELL ST,-79.424093,43.643197
15692.0,PIONEER VILLAGE STATION - SOUTHBOUND PLATFORM,-79.509372,43.77675
15693.0,PIONEER VILLAGE STATION - NORTHBOUND PLATFORM,-79.509334,43.776741
15694.0,YORK UNIVERSITY - NORTHBOUND PLATFORM,-79.499888,43.774097
15695.0,YORK UNIVERSITY - SOUTHBOUND PLATFORM,-79.499888,43.774097
15696.0,FINCH WEST STATION - NORTHBOUND PLATFORM,-79.491118,43.764855
15697.0,FINCH WEST STATION - SOUTHBOUND PLATFORM,-79.491118,43.764855
15698.0,DOWNSVIEW PARK STATION - NORTHBOUND PLATFORM,-79.478693,43.753311
15699.0,DOWNSVIEW PARK STATION - SOUTHBOUND PLATFORM,-79.478693,43.753311
15700.0,HIGHWAY 407 STATION - NORTHBOUND PLATFORM,-79.523454,43.783359
15701.0,HIGHWAY 407 STATION - SOUTHBOUND PLATFORM,-79.523454,43.783359
15702.0,VAUGHAN METROPOLITAN CENTRE STATION - NORTHBOUND PLATFORM,-79.527906,43.794021
15703.0,VAUGHAN METROPOLITAN CENTRE STATION - SOUTHBOUND PLATFORM,-79.527906,43.794021
23848.0,PIONEER VILLAGE STATION,-79.508937,43.776668
23849.0,PIONEER VILLAGE STATION,-79.509208,43.776747
23850.0,PIONEER VILLAGE STATION,-79.509408,43.776806
23851.0,PIONEER VILLAGE STATION,-79.50968,43.776878
23852.0,PIONEER VILLAGE STATION,-79.509883,43.776939
23854.0,PIONEER VILLAGE STATION,-79.50966,43.777064
23855.0,PIONEER VILLAGE STATION,-79.509404,43.776996
23856.0,PIONEER VILLAGE STATION,-79.509087,43.776902
23857.0,PIONEER VILLAGE STATION,-79.508835,43.776839
23858.0,PIONEER VILLAGE STATION,-79.50861,43.776783
23860.0,FINCH WEST STATION,-79.490954,43.765364
23861.0,FINCH WEST STATION,-79.490896,43.765126
23862.0,FINCH WEST STATION,-79.490859,43.764919
23863.0,FINCH WEST STATION,-79.49081,43.764723
23865.0,KEELE ST AT FOUR WINDS DR,-79.491477,43.765411
23866.0,IAN MACDONALD BLVD AT SHOREHAM DR SOUTH SIDE,-79.511401,43.772143
23867.0,SHEPPARD AVE WEST AT VITTI ST (DOWNSVIEW PARK STATION),-79.480489,43.754173
23868.0,FINCH AVE WEST AT TANGIERS RD EAST SIDE,-79.487618,43.764148
23869.0,PETER KAISER GATE AT HULLMAR DR,-79.526486,43.773204
23870.0,KEELE ST AT CANARCTIC DR,-79.493718,43.775091
23871.0,CANARCTIC DR AT PETROLIA RD,-79.489112,43.776155
23872.0,PETROLIA RD AT WILDCAT RD,-79.488271,43.778096
23873.0,PETROLIA RD AT STEELS AVE WEST,-79.48987,43.782352
23874.0,MURRARY ROSS PKWY AT STEELES AVE WEST SOUTH SIDE,-79.516905,43.775841
23875.0,MURRAY ROSS PKWY AT SHOREHAM DR,-79.513943,43.772002
23876.0,SHOREHAM DR AT SHOREHAM CT WEST SIDE,-79.51926,43.769161
23877.0,DRIFTWOOD AVE AT JANE ST,-79.519426,43.765998
23878.0,DRIFTWOOD AVE AT DRIFTWOOD CRT,-79.514506,43.767316
23879.0,DRIFTWOOD AVE AT NISKA ST,-79.511534,43.766021
23880.0,DRIFTWOOD AVE AT LASKAY CRES EAST,-79.515517,43.76313
23881.0,DRIFTWOOD AVE AT STONG CT,-79.516865,43.761808
23882.0,KING ST WEST AT JARVIS ST WEST SIDE,-79.372454,43.650391
23883.0,KING ST WEST AT JARVIS ST EAST SIDE,-79.371287,43.650541
23884.0,KING ST WEST AT YONGE ST WEST SIDE (KING STATION),-79.378565,43.649058
23885.0,KING ST WEST AT YONGE ST EAST SIDE (KING STATION),-79.377256,43.649232
23886.0,KING ST WEST AT BAY ST WEST SIDE,-79.380619,43.648622
23887.0,KING ST WEST AT BAY ST EAST SIDE,-79.379621,43.648724
23888.0,KING ST WEST AT UNIVERSITY AVE WEST SIDE (ST ANDREW STATION),-79.385427,43.647575
23889.0,KING ST WEST AT UNIVERSITY AVE EAST SIDE (ST ANDREW STATION),-79.384175,43.647725
23890.0,KING ST WEST AT JOHN ST WEST SIDE,-79.390161,43.646538
23891.0,KING ST WEST AT JOHN ST EAST SIDE,-79.389267,43.646614
23892.0,KING ST WEST AT PETER ST WEST SIDE,-79.392895,43.645967
23893.0,KING ST WEST AT BLUE JAYS WAY EAST SIDE,-79.391644,43.646101
23894.0,KING ST WEST AT SPADINA AVE WEST SIDE,-79.395811,43.64537
23895.0,KING ST WEST AT SPADINA AVE EAST SIDE,-79.394296,43.645507
23896.0,KING ST WEST AT PORTLAND ST EAST SIDE,-79.399504,43.644458
23897.0,KING ST WEST AT BATHURST ST EAST SIDE,-79.40203,43.643941
23898.0,KING ST EAST AT CHURCH ST EAST SIDE,-79.373826,43.649982
23899.0,KING ST EAST AT CHURCH ST WEST SIDE,-79.374971,43.64984
23901.0,3050 DUFFERIN ST (CABOTO TERRACE),-79.454597,43.713003
23902.0,CHAMPAGNE DR AT FINCH AVE WEST,-79.471206,43.767311
23903.0,CHESSWOOD DR AT CHAMPAGNE DR SOUTH SIDE,-79.476486,43.763892
23904.0,ALNESS ST AT FINCH AVE WEST,-79.471582,43.768012
23905.0,660 SUPERTEST RD,-79.478372,43.776051
23906.0,OPPOSITE 660 SUPERTEST RD,-79.477592,43.776047
23907.0,GERRY FITZGERALD DR AT STEELES AVE WEST,-79.474398,43.785654
23915.0,9690 MARKHAM RD,-79.266664,43.902205
23916.0,OPPOSITE 9690 MARKHAM RD,-79.266305,43.902238
23917.0,LAIRD DR AT MILLWOOD RD,-79.360766,43.70331
23918.0,JARVIS ST AT DUNDAS ST EAST NORTH SIDE,-79.374764,43.657881
23934.0,CLAYSON RD AT BARTOR RD (SOUTH),-79.524609,43.721056
23935.0,CLAYSON RD AT HUXLEY RD,-79.525589,43.723726
23936.0,401 CLAYSON RD,-79.528272,43.726382
23937.0,9 HALDON AVE (EAST YORK ACRES),-79.311541,43.698307
23938.0,200 DAWES RD (TRUE DAVIDSON ACRES),-79.29753,43.695471
23939.0,CRESCENT TOWN RD AT VICTORIA PARK AVE,-79.290958,43.696332
23940.0,HUMBER RIVER HOSPITAL,-79.488145,43.723566
23941.0,ERIE ST AT RUSTIC RD,-79.481344,43.717565
23942.0,338 FALSTAFF AVE (CASA ABRUZZO),-79.48304,43.720607
23943.0,NORTH PARK PLAZA (WALMART),-79.474315,43.709155
23944.0,3010 DUFFERIN ST (CASA DEL ZOTTO),-79.454958,43.71199
23945.0,40 PLAYFAIR AVE(VILLA COLOMBO),-79.456576,43.710529
23946.0,25 BRUCEWOOD CRES,-79.433408,43.719861
23947.0,BAYCREST HOSPITAL,-79.433224,43.729538
23948.0,BIRCHMOUNT RD AT ANACONDA AVE,-79.273241,43.718676
23961.0,MICHAEL GARRON HOSPITAL,-79.326019,43.689524
23966.0,10 GOWER ST (GOWER PARK PLACE),-79.297834,43.702167
23967.0,1150 VICTORIA PARK AVE (NO FRILLS),-79.295914,43.708327
23968.0,3003 DANFORTH AVE (SHOPPERS WORLD),-79.288807,43.689995
23969.0,500 KINGSTON RD (ATRIUM AT KEW BEACH RETIREMENT RESIDENCE),-79.30271,43.677574
23970.0,2490 GERRARD ST EAST,-79.285345,43.687873
23971.0,505 KINGSTON RD (BEACH ARMS RETIREMENT RESIDENCE),-79.302438,43.677536
23972.0,MAIN ST AT KINGSTON RD NORTH SIDE,-79.297987,43.679263
23973.0,CRESCENT TOWN RD AT MASSEY SQ EAST,-79.291553,43.6963
23974.0,840 COXWELL AVE (MICHAEL GARRON HOSPITAL MEDICAL CENTRE),-79.326435,43.689947
23975.0,SCARLETT RD AT HILL GARDEN RD,-79.520729,43.696108
23976.0,SCARLETT RD AT HILL GARDEN RD,-79.521127,43.696197
23977.0,665 TRETHEWEY DR,-79.497705,43.697296
23978.0,665 TRETHEWEY DR,-79.498073,43.697141
23981.0,DUNDAS ST WEST AT BROCK AVE EAST SIDE,-79.435232,43.649798
23983.0,DUNDAS ST EAST AT SUMACH ST WEST SIDE,-79.360896,43.660622
23984.0,DUNDAS ST WEST AT RUSHOLME RD WEST SIDE,-79.427097,43.649561
23985.0,DUNDAS ST WEST AT DUFFERIN ST WEST SIDE,-79.431871,43.649706
23986.0,DUNDAS ST EAST AT JARVIS ST WEST SIDE,-79.374991,43.657015
24007.0,FLEMINGDON PARK SHOPPING CENTRE,-79.334738,43.714156
24008.0,10 DEAUVILLE LN,-79.331117,43.717409
24009.0,OPPOSITE 8 DONWAY PLACE (ST MARKS),-79.340109,43.735042
24034.0,1050 DON MILLS RD (SHOPS ON DON MILLS - METRO),-79.345789,43.734083
24035.0,1 OVERLAND DR (BETTER LIVING - THOMPSON HOUSE),-79.347425,43.732392
24037.0,THE DONWAY WEST AT SANDERLING PL SOUTH SIDE,-79.348147,43.734264
24038.0,1540 KIPLING AVE (RICHVIEW RESIDENCE - KIPLING BUILDING),-79.552944,43.680574
24039.0,1500 ROYAL YORK RD (ROYAL YORK PLAZA - METRO),-79.530886,43.691175
24040.0,250 WINCOTT DR (RICHVIEW SQUARE PLAZA- PHARMA PLUS),-79.546443,43.679633
24041.0,201 LLOYD MANOR RD (LLOYD MANOR PLACE - METRO),-79.555993,43.675029
24042.0,60 RICHVIEW RD (UKRAINIAN CANADIAN CARE CENTRE),-79.519031,43.684201
24043.0,1447 ROYAL YORK RD (HUMBERVALE RESIDENCE),-79.52746,43.686434
24044.0,4005 EGLINTON AVE WEST (SCARLETT HEIGHTS RESIDENCE),-79.520347,43.682744
24045.0,20/30 FONTENAY CRT,-79.512668,43.682466
24046.0,63 WIDDICOMBE HILL BLVD (HUNTINGWOOD PLACE),-79.555206,43.677731
24047.0,123 LAROSE AVE (ST DEMETRIUS SENIORS RESIDENCE),-79.521984,43.684992
24048.0,105 CLEMENT RD (RICHVIEW RESIDENCE - CLEMENT BUILDING),-79.553627,43.680743
24057.0,QUEEN ST EAST AT ALTON AVE,-79.328109,43.663648
24058.0,BATHURST ST AT WEMBLEY RD,-79.425582,43.701822
24059.0,BATHURST ST AT WEMBLEY RD,-79.42577,43.701719
24060.0,EGLINTON AVE EAST AT DUNFIELD AVE,-79.395605,43.707208
24061.0,EGLINTON AVE EAST AT FALCON ST,-79.387668,43.70884
24062.0,EGLINTON AVE EAST AT RAWLINSON AVE WEST SIDE,-79.388416,43.708849
24063.0,EGLINTON AVE EAST AT DON AVON DR,-79.362496,43.713918
24064.0,EGLINTON AVE EAST AT DON MILLS RD EAST SIDE,-79.337734,43.720546
24065.0,EGLINTON AVE EAST AT DON MILLS RD WEST SIDE,-79.339864,43.720462
24066.0,OPPOSITE 2190 YONGE ST,-79.397908,43.705297
24067.0,YONGE ST AT ORCHARD VIEW BLVD,-79.3988,43.708302
24068.0,EGLINTON AVE WEST AT BATHURST ST EAST SIDE,-79.424063,43.701216
24069.0,EGLINTON AVE WEST AT RUSSELL HILL RD EAST SIDE,-79.415151,43.703134
24070.0,EGLINTON AVE WEST AT BRAEMAR AVE WEST SIDE,-79.409947,43.704426
24071.0,MT MPLEASANT BLVD AT ROEHAMPTON AVE,-79.39046,43.709502
24072.0,WELLESLEY ST EAST AT SHERBOURNE ST EAST SIDE,-79.374288,43.667082
24074.0,NEWCASTLE ST AT WINDSOR ST EAST SIDE - MIMICO GO STATION,-79.497617,43.617758
24077.0,MANITOBA ST AT LEGION RD,-79.488878,43.62449
24085.0,LAKE SHORE BLVD WEST AT MILES RD,-79.490239,43.608194
24086.0,LAKE SHORE BLVD WEST AT NORRIS CRES,-79.489952,43.610819
24087.0,LAKE SHORE BLVD WEST AT ROYAL YORK RD,-79.493189,43.603544
24095.0,THE WEST MALL AT PAXMAN RD SOUTH SIDE,-79.559741,43.623919
24096.0,THE WEST MALL AT PAXMAN RD,-79.559414,43.623927
24097.0,135 THE WEST MALL,-79.561551,43.620127
24098.0,THE WEST MALL AT WAULRON ST,-79.56205,43.620069
24103.0,SHEPPARD AVE EAST AT BROWNSPRING RD EAST SIDE,-79.262007,43.788857
24104.0,BRIMLEY RD AT DENNETT DR NORTH SIDE,-79.271063,43.793438
24105.0,SHEPPARD AVE EAST AT MASSIE ST EAST SIDE,-79.244726,43.792524
24107.0,SHEPPARD AVE EAST AT WILFRED AVE,-79.39456,43.765222
24108.0,DON MILLS RD AT EGLINTON AVE EAST,-79.338169,43.719079
24109.0,THE WESTWAY AT TRIO AVE,-79.534904,43.694378
24110.0,THE WESTWAY AT TREHORNE DR,-79.536144,43.691359
24111.0,THE WESTWAY AT CALLOWHILL DR EAST SIDE,-79.563816,43.684002
24119.0,STEELES AVE EAST AT WAGGONERS WELLS LANE,-79.365733,43.810155
24123.0,LAWRENCE AVE EAST AT BIRCHMOUNT RD,-79.284634,43.74768
24127.0,KINGSTON RD AT ST CLAIR AVE EAST,-79.23625,43.721614
24128.0,KINGSTON RD AT ST CLAIR AVE EAST,-79.236115,43.722191
24129.0,KINGSTON RD AT EGLINTON AVE EAST,-79.211648,43.74353
24130.0,KINGSTON RD AT BRIMLEY RD,-79.240455,43.717955
24131.0,KINGSTON RD AT MARKHAM RD,-79.217329,43.738337
24132.0,KINGSTON RD AT MARKHAM RD WEST SIDE,-79.217426,43.738674
24133.0,2155 LAKE SHORE BLVD WEST,-79.479707,43.626148
24139.0,KIPLING AVE AT TABER RD,-79.570212,43.719316
24140.0,KIPLING AVE AT TABER RD,-79.570562,43.71953
24141.0,KIPLING AVE AT HENLEY CRES,-79.57561,43.730431
24144.0,WESTON RD AT ST CLAIR AVE WEST,-79.467774,43.672671
24152.0,ORIOLE PKWY AT CHAPLIN CRES,-79.402926,43.697472
24153.0,ORIOLE PKWY AT KILBARRY RD SOUTH SIDE,-79.402497,43.695204
24155.0,WILSON AVE AT BEVERLY HILLS DR,-79.516618,43.71926
24156.0,WILSON AVE AT BEVERLY HILLS DR,-79.51698,43.719009
24160.0,DUFFERIN ST AT LIVINGSTONE AVE NORTH SIDE,-79.450712,43.69669
24166.0,DANFORTH AVE AT WOODBINE AVE WEST SIDE,-79.31339,43.685648
24170.0,OLD MILL STATION,-79.49501,43.65032
24171.0,DAVISVILLE AVE AT YONGE STREET (DAVISVILLE STATION),-79.396438,43.698407
24172.0,CHAPLIN CRES AT YONGE STREET (DAVISVILLE STATION),-79.396859,43.698138
24175.0,OAKWOOD AVE AT VAUGHAN RD,-79.440463,43.692076
24178.0,YONGE ST AT PATRICIA AVE,-79.418278,43.790431
24179.0,YONGE ST AT ATHABASKA AVE,-79.419635,43.795681
24180.0,FINCH AVE WEST AT ANCONA ST EAST SIDE,-79.438062,43.77466
24181.0,FINCH AVE WEST AT GLENBOROUGH PARK CRES WEST SIDE,-79.434316,43.775707
24182.0,KEELE ST AT COLVILLE RD NORTH SIDE,-79.477429,43.706533
24183.0,KEELE ST AT MILFORD AVE NORTH SIDE,-79.477086,43.704955
24185.0,KIPLING AVE AT STEELES AVE WEST SOUTH SIDE,-79.589794,43.759079
24186.0,BROADVIEW AVE AT TORRENS AVE NORTH SIDE,-79.355167,43.690523
24189.0,COSBURN AVE AT DONLANDS AVE,-79.341784,43.690922
24190.0,BROWNS LINE AT WOODBURY RD,-79.543959,43.599135
24191.0,JANE ST AT ALLIANCE AVE,-79.495691,43.676452
24192.0,BIRCHMOUNT RD AT MCNABB ST,-79.319634,43.837105
24194.0,MAJOR MACKENZIE DR EAST AT GLENBOURNE PARK DR,-79.340551,43.892723
24195.0,3390 MAJOR MACKENZIE DR EAST,-79.336665,43.893681
24196.0,MAJOR MACKENZIE DR EAST AT GLENBOURNE PARK DR,-79.340351,43.892929
24199.0,STEELES AVE EAST AT DON MILLS EAST SIDE,-79.360036,43.811254
24201.0,5720 BATHURST ST,-79.444094,43.777687
24202.0,OPPOSITE 5720 BATHURST ST,-79.443782,43.777328
24204.0,HUNTINGWOOD DR AT MIDLAND AVE EAST SIDE,-79.282715,43.797103
24205.0,1189 HUNTINGWOOD DR,-79.277886,43.798041
24206.0,BRIMLEY RD AT PITFIELD RD,-79.266145,43.783187
24207.0,1965 BRIMLEY RD,-79.26694,43.785142
24208.0,1994 BRIMLEY RD,-79.267363,43.785662
24210.0,HUMBER COLLEGE BLVD AT WESTMORE DR (ETOBICOKE GENERAL HOSPITAL),-79.599631,43.730755
24211.0,YORK ST AT KING ST WEST NORTH SIDE,-79.383567,43.648222
24212.0,ST CLAIR AVE EAST AT WARDEN AVE,-79.281313,43.711871
24213.0,BERMONDSEY RD AT NORTHLINE RD,-79.312522,43.715287
24214.0,HIGH PARK AVE AT HIGH PARK STATION,-79.465711,43.654286
24215.0,WEST TORONTO ST AT KEELE ST,-79.467001,43.66986
24216.0,WEST TORONTO ST AT KEELE ST,-79.466964,43.669977
24217.0,DUNDAS ST W AT RUNNYMEDE RD,-79.481639,43.665512
24218.0,VILLIERS ST AT CHERRY ST,-79.353617,43.647001
24219.0,VILLIERS ST AT CHERRY ST,-79.353181,43.647054
24220.0,VILLIERS ST AT MUNITION ST,-79.351263,43.648013
24221.0,VILLIERS ST AT DON ROADWAY,-79.346134,43.650279
24222.0,COMMISSIONERS ST AT SAULTER STREET EAST SIDE,-79.341777,43.649812
24226.0,EASTERN AVE AT CARLAW AVE,-79.338834,43.658495
24227.0,ISLINGTON AVE AT BLOOR ST WEST SOUTH SIDE,-79.523444,43.644404
24228.0,KING ST EAST AT GEORGE ST,-79.370558,43.650829
24229.0,GEORGE ST AT KING ST EAST,-79.370832,43.650874
24230.0,KING ST EAST AT SIMCOE ST EAST SIDE,-79.385746,43.647415
24231.0,KING ST WEST AT JORDAN ST EAST SIDE (KING STATION),-79.378613,43.648974
24232.0,KING ST EAST AT GEORGE ST,-79.370832,43.650641
24233.0,UNIVERSITY AVE AT ADELAIDE ST WEST,-79.385771,43.648956
24234.0,BERKELEY ST AT KING ST EAST,-79.364296,43.652039
24235.0,UNIVERSITY AVE AT ADELAIDE ST WEST,-79.385348,43.648777
24236.0,BATHURST ST AT KING ST WEST SOUTH SIDE,-79.402662,43.643604
24237.0,EASTERN AVE AT CARLAW AVE,-79.33912,43.658316
24238.0,JARVIS ST AT KING ST EAST,-79.371965,43.650758
24239.0,CALEDONIA RD AT LAWRENCE AVE WEST NORTH SIDE,-79.466533,43.711795
24240.0,KNOB HILL DR AT WESTON RD,-79.534253,43.71131
24244.0,KING ST WEST AT YORK ST WEST SIDE,-79.383978,43.647926
